Workbook

Sheet ITDC
A2: CUSTOMER EXPERIENCE PERFORMANCE DATA
A3: 2025 - 2026
A4: ITDC
A6: No | B6: Parameters | D6: Unit | E6: 2025 | R6: 2026
E7: JAN | F7: FEB | G7: MAR | H7: APR | I7: MAY | J7: JUN | K7: JUL | L7: AUG | M7: SEP | N7: OCT | O7: NOV | P7: DEC | Q7: TOTAL | R7: JAN | S7: FEB | T7: MAR | U7: APR | V7: MEI | W7: JUNI
A8: 1 | B8: Customer Satisfaction (Survey Sensum)
B9: a. | C9: CSAT - Overall | D9: Scale 1-5 | N9: 4.75 | O9: 3.67 | P9: 4.67 | Q9: =AVERAGE(N9:P9) -> 4.3633333 | R9: 1 | S9: 3 | T9: 4.5 | U9: 4.5 | V9: 4 | W9: 5
B10: b. | C10: CSAT - People | D10: Scale 1-5 | N10: 4.75 | O10: 4 | P10: 4.67 | Q10: =AVERAGE(N10:P10) -> 4.4733333 | R10: 1 | S10: 3 | T10: 5 | U10: 4.5 | V10: 5 | W10: 5
B11: c. | C11: CSAT - Process | D11: Scale 1-5 | N11: 4.75 | O11: 4.33 | P11: 4.33 | Q11: =AVERAGE(N11:P11) -> 4.47 | R11: 1 | S11: 3 | T11: 4.5 | U11: 4.5 | V11: 5 | W11: 5
B12: d. | C12: CSAT - Premises | D12: Scale 1-5 | N12: 4.75 | O12: 3.67 | P12: 4.33 | Q12: =AVERAGE(N12:P12) -> 4.25 | R12: 1 | S12: 3 | T12: 4.5 | U12: 4.5 | V12: 5 | W12: 5
A13: 2 | B13: Social Media Monitoring
B14: a. | C14: Volume of Interaction | D14: Numbers | E14: =2402+1552+613+596+50237 -> 55400 | F14: =7690+302+5009+230+35599 -> 48830 | G14: =3504+591+1403+613+56209 -> 62320 | H14: =758000+2398+687+1022+3437 -> 765544 | I14: =1800000+2603+571+3455+256 -> 1806885 | J14: =1200000+321+597+248+405 -> 1201571 | K14: =3200000+2637+410+2681+198 -> 3205926 | L14: =3000000+2535+616446+250 -> 3619231 | M14: =6800000+1734+87+2694+197 -> 6804712 | N14: =11000000+2450+935+11305+198 -> 11014888 | O14: =1700000+1502+124+486+329 -> 1702441 | P14: =2600000+1311+306+1737+204 -> 2603558 | Q14: =SUM(E14:P14) -> 32891306 | R14: =2500000+98372+4230+120194+316 -> 2723112 | S14: =2200000+94633+1432+41062+429 -> 2337556 | T14: =2200000+39684+3019+17328+1726 -> 2261757 | U14: =62792+21475+4677+17568+1639 -> 108151 | V14: =72818+55783+106423+15324+1283 -> 251631 | W14: =115993+21142+1425+5839+1555 -> 145954
B15: b. | C15: Net Sentiment Score | D15: Percentage (%) | E15: 0.0521 | F15: 0.0821 | G15: 0.0351 | H15: 0.1597 | I15: 0.1319 | J15: 0.1113 | K15: 0.0792 | L15: 0.1016 | M15: 0.1678 | N15: 0.1726 | O15: 0.2 | P15: 0.2791 | Q15: 0.2593 | R15: =(69.53%+84.31%+23.59%)/3 -> 0.59143333 | S15: =(3.35%+58.57%+100%+6.31%)/4 -> 0.420575 | T15: =(13.03%+80.17%+21.86%)/3 -> 0.38353333 | U15: =(72.32%+43.37%+59.57%+34.15%+29.52%)/5 -> 0.47786 | V15: =(48.78%+47.19%+18.75%+16.67%+21.33%)/5 -> 0.30544 | W15: =(27.82%+29.44%+56%+81.82%+24.31%)/5 -> 0.43878
B16: c. | C16: Average Response Time | D16: Hours | E16: N/A | F16: N/A | G16: N/A | H16: N/A | I16: N/A | J16: N/A | K16: N/A | L16: N/A | M16: N/A | N16: N/A | O16: N/A | P16: N/A | Q16: N/A | R16: =(49.6+2.5)/2 -> 26.05 | S16: =(18.7+0.1+4.2)/3 -> 7.6666667 | T16: =(9.6+8)/2 -> 8.8 | U16: =(13.8+9.3+13.2+0.5)/4 -> 9.2 | V16: =(21.1+9.4+24.7+11.3)/4 -> 16.625 | W16: =(10.8+2.8+14)/3 -> 9.2
B17: d. | C17: Respons to Sentiment Ratio | D17: 0,00 - 1,00 | E17: 0.11 | F17: 0.03 | G17: 0.08 | H17: 0.03 | I17: 0.02 | J17: 0.01 | K17: 0.03 | L17: 0.02 | M17: 0.01 | N17: 0.01 | O17: 0.02 | P17: 0.05 | Q17: 0.02 | R17: =(0.001+0.11+0.04)/3 -> 0.050333333 | S17: =(0.03+0.1+1+0.1)/4 -> 0.3075 | T17: =(0.01+0.04+0.06)/3 -> 0.036666667 | U17: =(0.08+0.15+0.21+0.06+0.06)/5 -> 0.112 | V17: =(0.05+0.15+0.22+0.38+0.04)/5 -> 0.168 | W17: =(0.04+0.05+0.25+0.18)/4 -> 0.13
A18: 3 | B18: Complaint Handling
B19: a. | C19: Total | D19: Numbers | E19: 1 | F19: 7 | G19: 3 | H19: 4 | I19: 4 | J19: 2 | K19: 3 | L19: 1 | M19: 18 | N19: 10 | O19: 5 | P19: 6 | Q19: =SUM(E19:P19) -> 64 | R19: 14 | S19: 7 | T19: 3 | U19: 17 | V19: 13 | W19: 7
B20: b. | C20: Completed | D20: Numbers | E20: 1 | F20: 7 | G20: 3 | H20: 4 | I20: 4 | J20: 2 | K20: 3 | L20: 1 | M20: 18 | N20: 10 | O20: 5 | P20: 5 | Q20: =SUM(E20:P20) -> 63 | R20: 14 | S20: 7 | T20: 3 | U20: 17 | V20: 13 | W20: 6
B21: c. | C21: Progress | D21: Numbers | E21: 0 | F21: 0 | G21: 0 | H21: 0 | I21: 0 | J21: 0 | K21: 0 | L21: 0 | M21: 0 | N21: 0 | O21: 0 | P21: 1 | Q21: =SUM(E21:P21) -> 1 | R21: 0 | S21: 0 | T21: 0 | U21: 0 | V21: 0 | W21: 1
B22: d. | C22: Untouch | D22: Numbers | E22: 0 | F22: 0 | G22: 0 | H22: 0 | I22: 0 | J22: 0 | K22: 0 | L22: 0 | M22: 0 | N22: 0 | O22: 0 | P22: 0 | Q22: 0 | R22: 0 | S22: 0 | T22: 0 | U22: 0 | V22: 0 | W22: 0
B23: e. | C23: Complaint Resolution Rate | D23: Percentage (%) | E23: =E20/E19*100% -> 1 | F23: =F20/F19*100% -> 1 | G23: =G20/G19*100% -> 1 | H23: =H20/H19*100% -> 1 | I23: =I20/I19*100% -> 1 | J23: =J20/J19*100% -> 1 | K23: =K20/K19*100% -> 1 | L23: =L20/L19*100% -> 1 | ... P23: =P20/P19*100% -> 0.83333333 | Q23: =SUM(E23:P23)/12 -> 0.98611111 | R23: =R20/R19*100% -> 1 | S23: =S20/S19*100% -> 1 | T23: =T20/T19*100% -> 1 | U23: 1 | V23: 1 | W23: =W20/W19*100% -> 0.85714286
B24: f. | C24: Average Time Resolution | D24: Day | E24: N/A | F24: N/A | G24: N/A | H24: N/A | I24: N/A | J24: N/A | K24: N/A | L24: N/A | M24: N/A | N24: N/A | O24: N/A | P24: N/A | Q24: N/A | R24: N/A | S24: N/A | T24: N/A | U24: N/A | V24: N/A | W24: N/A
C25: *Data Januari - December 2025 hanya menggunakan data Themandalikagp
C26: *Tidak ada data Average Response Time dari akun Themandalikagp
C27: *Volume of Interaction adalah jumlah data dari 5 akun (Themandalikagp, ITDC, The Nusa Dua The Mandalika, dan The Golo Mori)
C28: *NSS, Average Response Time, dan RSR tahun 2026 pada bulan Januari - Juni adalah rata-rata data dari akun ITDC, The Nusa Dua, The Mandalika, The Golo Mori dan Themandalikagp, namun data pada bulan Januari - Maret juga merupakan data sample karena langitbiru baru GoLive di bulan April
C29: **NSS, Average Response Time, dan RSR pada bulan Januari, data hanya terdapat di akun ITDC, The Nusa Dua, dan Themandalikagp (gambar tertera di bawah)
C30: **NSS, Average Response Time, dan RSR pada bulan Februari, data hanya terdapat di akun ITDC, The Nusa Dua, The Golo Mori, dan Themandalikagp (gambar tertera di bawah)
C31: **NSS, Average Response Time, dan RSR pada bulan Maret, data hanya terdapat di akun ITDC, The Mandalika, dan Themandalikagp (gambar tertera di bawah)
C33: * Data Complain Handling diperoleh dari Data Pengaduan - Service Recovery INJ :
C34: https://injourneygroup-my.sharepoint.com/:x:/g/personal/cx_injourney_id/IQBWzSqU9QDrUNy2prbMgXzfAW-J4ysM73bBhVFq6kWq6pk

Sheet Data Statistik Total
A1: No | B1: Item Data | E1: Keterangan Pengisian | F1: 45658 | G1: 45689 | H1: 45717 | I1: 45748 | J1: 45778 | K1: 45809 | L1: 45839 | M1: 45870 | N1: 45901 | O1: 45931 | P1: 45962 | Q1: 45992 | R1: 46023 | S1: 46054 | T1: 46082 | U1: 46113 | V1: Mei-26 | W1: Jun-26
A2: 1 | B2: Jumlah Pengunjung | E2: Data Total Pengunjung (Per Cabang / Line of Business) | F2: ='statistik The Nusa Dua'!F2+'statistik The Mandalika'!F2+'statistik The Golo Mori'!F2+'statistik MGPA'!F2 -> 434656 | G2: ='statistik The Nusa Dua'!G2+'statistik The Mandalika'!G2+'statistik The Golo Mori'!G2+'statistik MGPA'!G2 -> 310216 | H2: ='statistik The Nusa Dua'!H2+'statistik The Mandalika'!H2+'statistik The Golo Mori'!H2+'statistik MGPA'!H2 -> 297466 | I2: ='statistik The Nusa Dua'!I2+'statistik The Mandalika'!I2+'statistik The Golo Mori'!I2+'statistik MGPA'!I2 -> 425195 | J2: ='statistik The Nusa Dua'!J2+'statistik The Mandalika'!J2+'statistik The Golo Mori'!J2+'statistik MGPA'!J2 -> 416265 | K2: ='statistik The Nusa Dua'!K2+'statistik The Mandalika'!K2+'statistik The Golo Mori'!K2+'statistik MGPA'!K2 -> 443401 | L2: ='statistik The Nusa Dua'!L2+'statistik The Mandalika'!L2+'statistik The Golo Mori'!L2+'statistik MGPA'!L2 -> 522720 | M2: ='statistik The Nusa Dua'!M2+'statistik The Mandalika'!M2+'statistik The Golo Mori'!M2+'statistik MGPA'!M2 -> 517774 | ... W2: ='statistik The Nusa Dua'!W2+'statistik The Mandalika'!W2+'statistik The Golo Mori'!W2+'statistik MGPA'!W2 -> 493397
A3: 2 | B3: Total Interaksi | E3: Total Interaksi (Per Cabang / Line of Business) dari Voice of Customer (pengaduan, permintaan, pertanyaan, informasi dan apresiasi). | F3: ='statistik The Nusa Dua'!F3+'statistik The Mandalika'!F3+'statistik The Golo Mori'!F3+'statistik MGPA'!F3+'statistik INU'!F3 -> 7 | G3: ='statistik The Nusa Dua'!G3+'statistik The Mandalika'!G3+'statistik The Golo Mori'!G3+'statistik MGPA'!G3+'statistik INU'!G3 -> 11 | H3: ='statistik The Nusa Dua'!H3+'statistik The Mandalika'!H3+'statistik The Golo Mori'!H3+'statistik MGPA'!H3+'statistik INU'!H3 -> 1 | I3: ='statistik The Nusa Dua'!I3+'statistik The Mandalika'!I3+'statistik The Golo Mori'!I3+'statistik MGPA'!I3+'statistik INU'!I3 -> 6 | J3: ='statistik The Nusa Dua'!J3+'statistik The Mandalika'!J3+'statistik The Golo Mori'!J3+'statistik MGPA'!J3+'statistik INU'!J3 -> 14 | K3: ='statistik The Nusa Dua'!K3+'statistik The Mandalika'!K3+'statistik The Golo Mori'!K3+'statistik MGPA'!K3+'statistik INU'!K3 -> 10 | L3: ='statistik The Nusa Dua'!L3+'statistik The Mandalika'!L3+'statistik The Golo Mori'!L3+'statistik MGPA'!L3+'statistik INU'!L3 -> 19 | M3: ='statistik The Nusa Dua'!M3+'statistik The Mandalika'!M3+'statistik The Golo Mori'!M3+'statistik MGPA'!M3+'statistik INU'!M3 -> 23 | ... W3: ='statistik The Nusa Dua'!W3+'statistik The Mandalika'!W3+'statistik The Golo Mori'!W3+'statistik MGPA'!W3+'statistik INU'!W3 -> 86
A4: 3 | B4: Jumlah interaksi per-kategory
B5: a | C5: Permintaan Informasi | E5: Bersumber dari Telepon, Customer Service/tatap muka, Email, Kotak Saran, Live Chat, Whatsapp, Instagram dan Twitter | F5: ='statistik The Nusa Dua'!F5+'statistik The Mandalika'!F5+'statistik The Golo Mori'!F5+'statistik MGPA'!F5+'statistik INU'!F5 -> 0 | G5: ='statistik The Nusa Dua'!G5+'statistik The Mandalika'!G5+'statistik The Golo Mori'!G5+'statistik MGPA'!G5+'statistik INU'!G5 -> 2 | H5: ='statistik The Nusa Dua'!H5+'statistik The Mandalika'!H5+'statistik The Golo Mori'!H5+'statistik MGPA'!H5+'statistik INU'!H5 -> 0 | I5: ='statistik The Nusa Dua'!I5+'statistik The Mandalika'!I5+'statistik The Golo Mori'!I5+'statistik MGPA'!I5+'statistik INU'!I5 -> 0 | J5: ='statistik The Nusa Dua'!J5+'statistik The Mandalika'!J5+'statistik The Golo Mori'!J5+'statistik MGPA'!J5+'statistik INU'!J5 -> 0 | K5: ='statistik The Nusa Dua'!K5+'statistik The Mandalika'!K5+'statistik The Golo Mori'!K5+'statistik MGPA'!K5+'statistik INU'!K5 -> 0 | L5: ='statistik The Nusa Dua'!L5+'statistik The Mandalika'!L5+'statistik The Golo Mori'!L5+'statistik MGPA'!L5+'statistik INU'!L5 -> 1 | M5: ='statistik The Nusa Dua'!M5+'statistik The Mandalika'!M5+'statistik The Golo Mori'!M5+'statistik MGPA'!M5+'statistik INU'!M5 -> 1 | ... W5: ='statistik The Nusa Dua'!W5+'statistik The Mandalika'!W5+'statistik The Golo Mori'!W5+'statistik MGPA'!W5+'statistik INU'!W5 -> 25
B6: b | C6: Request | F6: ='statistik The Nusa Dua'!F6+'statistik The Mandalika'!F6+'statistik The Golo Mori'!F6+'statistik MGPA'!F6+'statistik INU'!F6 -> 1 | G6: ='statistik The Nusa Dua'!G6+'statistik The Mandalika'!G6+'statistik The Golo Mori'!G6+'statistik MGPA'!G6+'statistik INU'!G6 -> 2 | H6: ='statistik The Nusa Dua'!H6+'statistik The Mandalika'!H6+'statistik The Golo Mori'!H6+'statistik MGPA'!H6+'statistik INU'!H6 -> 0 | I6: ='statistik The Nusa Dua'!I6+'statistik The Mandalika'!I6+'statistik The Golo Mori'!I6+'statistik MGPA'!I6+'statistik INU'!I6 -> 0 | J6: ='statistik The Nusa Dua'!J6+'statistik The Mandalika'!J6+'statistik The Golo Mori'!J6+'statistik MGPA'!J6+'statistik INU'!J6 -> 1 | K6: ='statistik The Nusa Dua'!K6+'statistik The Mandalika'!K6+'statistik The Golo Mori'!K6+'statistik MGPA'!K6+'statistik INU'!K6 -> 0 | L6: ='statistik The Nusa Dua'!L6+'statistik The Mandalika'!L6+'statistik The Golo Mori'!L6+'statistik MGPA'!L6+'statistik INU'!L6 -> 0 | M6: ='statistik The Nusa Dua'!M6+'statistik The Mandalika'!M6+'statistik The Golo Mori'!M6+'statistik MGPA'!M6+'statistik INU'!M6 -> 1 | ... W6: ='statistik The Nusa Dua'!W6+'statistik The Mandalika'!W6+'statistik The Golo Mori'!W6+'statistik MGPA'!W6+'statistik INU'!W6 -> 17
B7: c | C7: Keluhan | F7: ='statistik The Nusa Dua'!F7+'statistik The Mandalika'!F7+'statistik The Golo Mori'!F7+'statistik MGPA'!F7+'statistik INU'!F7 -> 5 | G7: ='statistik The Nusa Dua'!G7+'statistik The Mandalika'!G7+'statistik The Golo Mori'!G7+'statistik MGPA'!G7+'statistik INU'!G7 -> 5 | H7: ='statistik The Nusa Dua'!H7+'statistik The Mandalika'!H7+'statistik The Golo Mori'!H7+'statistik MGPA'!H7+'statistik INU'!H7 -> 1 | I7: ='statistik The Nusa Dua'!I7+'statistik The Mandalika'!I7+'statistik The Golo Mori'!I7+'statistik MGPA'!I7+'statistik INU'!I7 -> 6 | J7: ='statistik The Nusa Dua'!J7+'statistik The Mandalika'!J7+'statistik The Golo Mori'!J7+'statistik MGPA'!J7+'statistik INU'!J7 -> 8 | K7: ='statistik The Nusa Dua'!K7+'statistik The Mandalika'!K7+'statistik The Golo Mori'!K7+'statistik MGPA'!K7+'statistik INU'!K7 -> 6 | L7: ='statistik The Nusa Dua'!L7+'statistik The Mandalika'!L7+'statistik The Golo Mori'!L7+'statistik MGPA'!L7+'statistik INU'!L7 -> 10 | M7: ='statistik The Nusa Dua'!M7+'statistik The Mandalika'!M7+'statistik The Golo Mori'!M7+'statistik MGPA'!M7+'statistik INU'!M7 -> 14 | ... W7: ='statistik The Nusa Dua'!W7+'statistik The Mandalika'!W7+'statistik The Golo Mori'!W7+'statistik MGPA'!W7+'statistik INU'!W7 -> 18
B8: d | C8: ='statistik The Nusa Dua'!C8 -> Apresiasi | F8: ='statistik The Nusa Dua'!F8+'statistik The Mandalika'!F8+'statistik The Golo Mori'!F8+'statistik MGPA'!F8+'statistik INU'!F8 -> 1 | G8: ='statistik The Nusa Dua'!G8+'statistik The Mandalika'!G8+'statistik The Golo Mori'!G8+'statistik MGPA'!G8+'statistik INU'!G8 -> 2 | H8: ='statistik The Nusa Dua'!H8+'statistik The Mandalika'!H8+'statistik The Golo Mori'!H8+'statistik MGPA'!H8+'statistik INU'!H8 -> 0 | I8: ='statistik The Nusa Dua'!I8+'statistik The Mandalika'!I8+'statistik The Golo Mori'!I8+'statistik MGPA'!I8+'statistik INU'!I8 -> 0 | J8: ='statistik The Nusa Dua'!J8+'statistik The Mandalika'!J8+'statistik The Golo Mori'!J8+'statistik MGPA'!J8+'statistik INU'!J8 -> 5 | K8: ='statistik The Nusa Dua'!K8+'statistik The Mandalika'!K8+'statistik The Golo Mori'!K8+'statistik MGPA'!K8+'statistik INU'!K8 -> 4 | L8: ='statistik The Nusa Dua'!L8+'statistik The Mandalika'!L8+'statistik The Golo Mori'!L8+'statistik MGPA'!L8+'statistik INU'!L8 -> 8 | M8: ='statistik The Nusa Dua'!M8+'statistik The Mandalika'!M8+'statistik The Golo Mori'!M8+'statistik MGPA'!M8+'statistik INU'!M8 -> 7 | ... W8: ='statistik The Nusa Dua'!W8+'statistik The Mandalika'!W8+'statistik The Golo Mori'!W8+'statistik MGPA'!W8+'statistik INU'!W8 -> 26
A9: 4 | B9: Interaksi per channel
B10: a | C10: Telepon | D10: =C5 -> Permintaan Informasi | F10: ='statistik The Nusa Dua'!F10+'statistik The Mandalika'!F10+'statistik The Golo Mori'!F10+'statistik MGPA'!F10+'statistik INU'!F10 -> 0 | G10: ='statistik The Nusa Dua'!G10+'statistik The Mandalika'!G10+'statistik The Golo Mori'!G10+'statistik MGPA'!G10+'statistik INU'!G10 -> 0 | H10: ='statistik The Nusa Dua'!H10+'statistik The Mandalika'!H10+'statistik The Golo Mori'!H10+'statistik MGPA'!H10+'statistik INU'!H10 -> 0 | I10: ='statistik The Nusa Dua'!I10+'statistik The Mandalika'!I10+'statistik The Golo Mori'!I10+'statistik MGPA'!I10+'statistik INU'!I10 -> 0 | J10: ='statistik The Nusa Dua'!J10+'statistik The Mandalika'!J10+'statistik The Golo Mori'!J10+'statistik MGPA'!J10+'statistik INU'!J10 -> 0 | K10: ='statistik The Nusa Dua'!K10+'statistik The Mandalika'!K10+'statistik The Golo Mori'!K10+'statistik MGPA'!K10+'statistik INU'!K10 -> 0 | L10: ='statistik The Nusa Dua'!L10+'statistik The Mandalika'!L10+'statistik The Golo Mori'!L10+'statistik MGPA'!L10+'statistik INU'!L10 -> 0 | M10: ='statistik The Nusa Dua'!M10+'statistik The Mandalika'!M10+'statistik The Golo Mori'!M10+'statistik MGPA'!M10+'statistik INU'!M10 -> 0 | ... W10: ='statistik The Nusa Dua'!W10+'statistik The Mandalika'!W10+'statistik The Golo Mori'!W10+'statistik MGPA'!W10+'statistik INU'!W10 -> 3
D11: =C6 -> Request | F11: ='statistik The Nusa Dua'!F11+'statistik The Mandalika'!F11+'statistik The Golo Mori'!F11+'statistik MGPA'!F11+'statistik INU'!F11 -> 0 | G11: ='statistik The Nusa Dua'!G11+'statistik The Mandalika'!G11+'statistik The Golo Mori'!G11+'statistik MGPA'!G11+'statistik INU'!G11 -> 0 | H11: ='statistik The Nusa Dua'!H11+'statistik The Mandalika'!H11+'statistik The Golo Mori'!H11+'statistik MGPA'!H11+'statistik INU'!H11 -> 0 | I11: ='statistik The Nusa Dua'!I11+'statistik The Mandalika'!I11+'statistik The Golo Mori'!I11+'statistik MGPA'!I11+'statistik INU'!I11 -> 0 | J11: ='statistik The Nusa Dua'!J11+'statistik The Mandalika'!J11+'statistik The Golo Mori'!J11+'statistik MGPA'!J11+'statistik INU'!J11 -> 0 | K11: ='statistik The Nusa Dua'!K11+'statistik The Mandalika'!K11+'statistik The Golo Mori'!K11+'statistik MGPA'!K11+'statistik INU'!K11 -> 0 | L11: ='statistik The Nusa Dua'!L11+'statistik The Mandalika'!L11+'statistik The Golo Mori'!L11+'statistik MGPA'!L11+'statistik INU'!L11 -> 0 | M11: ='statistik The Nusa Dua'!M11+'statistik The Mandalika'!M11+'statistik The Golo Mori'!M11+'statistik MGPA'!M11+'statistik INU'!M11 -> 0 | ... W11: ='statistik The Nusa Dua'!W11+'statistik The Mandalika'!W11+'statistik The Golo Mori'!W11+'statistik MGPA'!W11+'statistik INU'!W11 -> 0
D12: =C7 -> Keluhan | F12: ='statistik The Nusa Dua'!F12+'statistik The Mandalika'!F12+'statistik The Golo Mori'!F12+'statistik MGPA'!F12+'statistik INU'!F12 -> 1 | G12: ='statistik The Nusa Dua'!G12+'statistik The Mandalika'!G12+'statistik The Golo Mori'!G12+'statistik MGPA'!G12+'statistik INU'!G12 -> 2 | H12: ='statistik The Nusa Dua'!H12+'statistik The Mandalika'!H12+'statistik The Golo Mori'!H12+'statistik MGPA'!H12+'statistik INU'!H12 -> 1 | I12: ='statistik The Nusa Dua'!I12+'statistik The Mandalika'!I12+'statistik The Golo Mori'!I12+'statistik MGPA'!I12+'statistik INU'!I12 -> 0 | J12: ='statistik The Nusa Dua'!J12+'statistik The Mandalika'!J12+'statistik The Golo Mori'!J12+'statistik MGPA'!J12+'statistik INU'!J12 -> 1 | K12: ='statistik The Nusa Dua'!K12+'statistik The Mandalika'!K12+'statistik The Golo Mori'!K12+'statistik MGPA'!K12+'statistik INU'!K12 -> 0 | L12: ='statistik The Nusa Dua'!L12+'statistik The Mandalika'!L12+'statistik The Golo Mori'!L12+'statistik MGPA'!L12+'statistik INU'!L12 -> 0 | M12: ='statistik The Nusa Dua'!M12+'statistik The Mandalika'!M12+'statistik The Golo Mori'!M12+'statistik MGPA'!M12+'statistik INU'!M12 -> 0 | ... W12: ='statistik The Nusa Dua'!W12+'statistik The Mandalika'!W12+'statistik The Golo Mori'!W12+'statistik MGPA'!W12+'statistik INU'!W12 -> 0
D13: =C8 -> Apresiasi | F13: ='statistik The Nusa Dua'!F13+'statistik The Mandalika'!F13+'statistik The Golo Mori'!F13+'statistik MGPA'!F13+'statistik INU'!F13 -> 0 | G13: ='statistik The Nusa Dua'!G13+'statistik The Mandalika'!G13+'statistik The Golo Mori'!G13+'statistik MGPA'!G13+'statistik INU'!G13 -> 0 | H13: ='statistik The Nusa Dua'!H13+'statistik The Mandalika'!H13+'statistik The Golo Mori'!H13+'statistik MGPA'!H13+'statistik INU'!H13 -> 0 | I13: ='statistik The Nusa Dua'!I13+'statistik The Mandalika'!I13+'statistik The Golo Mori'!I13+'statistik MGPA'!I13+'statistik INU'!I13 -> 0 | J13: ='statistik The Nusa Dua'!J13+'statistik The Mandalika'!J13+'statistik The Golo Mori'!J13+'statistik MGPA'!J13+'statistik INU'!J13 -> 0 | K13: ='statistik The Nusa Dua'!K13+'statistik The Mandalika'!K13+'statistik The Golo Mori'!K13+'statistik MGPA'!K13+'statistik INU'!K13 -> 0 | L13: ='statistik The Nusa Dua'!L13+'statistik The Mandalika'!L13+'statistik The Golo Mori'!L13+'statistik MGPA'!L13+'statistik INU'!L13 -> 0 | M13: ='statistik The Nusa Dua'!M13+'statistik The Mandalika'!M13+'statistik The Golo Mori'!M13+'statistik MGPA'!M13+'statistik INU'!M13 -> 0 | ... W13: ='statistik The Nusa Dua'!W13+'statistik The Mandalika'!W13+'statistik The Golo Mori'!W13+'statistik MGPA'!W13+'statistik INU'!W13 -> 0
B14: b | C14: Customer Sevice/tatap muka | D14: =C5 -> Permintaan Informasi | F14: ='statistik The Nusa Dua'!F14+'statistik The Mandalika'!F14+'statistik The Golo Mori'!F14+'statistik MGPA'!F14+'statistik INU'!F14 -> 0 | G14: ='statistik The Nusa Dua'!G14+'statistik The Mandalika'!G14+'statistik The Golo Mori'!G14+'statistik MGPA'!G14+'statistik INU'!G14 -> 0 | H14: ='statistik The Nusa Dua'!H14+'statistik The Mandalika'!H14+'statistik The Golo Mori'!H14+'statistik MGPA'!H14+'statistik INU'!H14 -> 0 | I14: ='statistik The Nusa Dua'!I14+'statistik The Mandalika'!I14+'statistik The Golo Mori'!I14+'statistik MGPA'!I14+'statistik INU'!I14 -> 0 | J14: ='statistik The Nusa Dua'!J14+'statistik The Mandalika'!J14+'statistik The Golo Mori'!J14+'statistik MGPA'!J14+'statistik INU'!J14 -> 0 | K14: ='statistik The Nusa Dua'!K14+'statistik The Mandalika'!K14+'statistik The Golo Mori'!K14+'statistik MGPA'!K14+'statistik INU'!K14 -> 0 | L14: ='statistik The Nusa Dua'!L14+'statistik The Mandalika'!L14+'statistik The Golo Mori'!L14+'statistik MGPA'!L14+'statistik INU'!L14 -> 0 | M14: ='statistik The Nusa Dua'!M14+'statistik The Mandalika'!M14+'statistik The Golo Mori'!M14+'statistik MGPA'!M14+'statistik INU'!M14 -> 0 | ... W14: ='statistik The Nusa Dua'!W14+'statistik The Mandalika'!W14+'statistik The Golo Mori'!W14+'statistik MGPA'!W14+'statistik INU'!W14 -> 0
D15: Permintaan/Reservasi/Product Inquiry | F15: ='statistik The Nusa Dua'!F15+'statistik The Mandalika'!F15+'statistik The Golo Mori'!F15+'statistik MGPA'!F15+'statistik INU'!F15 -> 0 | G15: ='statistik The Nusa Dua'!G15+'statistik The Mandalika'!G15+'statistik The Golo Mori'!G15+'statistik MGPA'!G15+'statistik INU'!G15 -> 0 | H15: ='statistik The Nusa Dua'!H15+'statistik The Mandalika'!H15+'statistik The Golo Mori'!H15+'statistik MGPA'!H15+'statistik INU'!H15 -> 0 | I15: ='statistik The Nusa Dua'!I15+'statistik The Mandalika'!I15+'statistik The Golo Mori'!I15+'statistik MGPA'!I15+'statistik INU'!I15 -> 0 | J15: ='statistik The Nusa Dua'!J15+'statistik The Mandalika'!J15+'statistik The Golo Mori'!J15+'statistik MGPA'!J15+'statistik INU'!J15 -> 0 | K15: ='statistik The Nusa Dua'!K15+'statistik The Mandalika'!K15+'statistik The Golo Mori'!K15+'statistik MGPA'!K15+'statistik INU'!K15 -> 0 | L15: ='statistik The Nusa Dua'!L15+'statistik The Mandalika'!L15+'statistik The Golo Mori'!L15+'statistik MGPA'!L15+'statistik INU'!L15 -> 0 | M15: ='statistik The Nusa Dua'!M15+'statistik The Mandalika'!M15+'statistik The Golo Mori'!M15+'statistik MGPA'!M15+'statistik INU'!M15 -> 0 | ... W15: ='statistik The Nusa Dua'!W15+'statistik The Mandalika'!W15+'statistik The Golo Mori'!W15+'statistik MGPA'!W15+'statistik INU'!W15 -> 0
D16: =C7 -> Keluhan | F16: ='statistik The Nusa Dua'!F16+'statistik The Mandalika'!F16+'statistik The Golo Mori'!F16+'statistik MGPA'!F16+'statistik INU'!F16 -> 0 | G16: ='statistik The Nusa Dua'!G16+'statistik The Mandalika'!G16+'statistik The Golo Mori'!G16+'statistik MGPA'!G16+'statistik INU'!G16 -> 0 | H16: ='statistik The Nusa Dua'!H16+'statistik The Mandalika'!H16+'statistik The Golo Mori'!H16+'statistik MGPA'!H16+'statistik INU'!H16 -> 0 | I16: ='statistik The Nusa Dua'!I16+'statistik The Mandalika'!I16+'statistik The Golo Mori'!I16+'statistik MGPA'!I16+'statistik INU'!I16 -> 0 | J16: ='statistik The Nusa Dua'!J16+'statistik The Mandalika'!J16+'statistik The Golo Mori'!J16+'statistik MGPA'!J16+'statistik INU'!J16 -> 3 | K16: ='statistik The Nusa Dua'!K16+'statistik The Mandalika'!K16+'statistik The Golo Mori'!K16+'statistik MGPA'!K16+'statistik INU'!K16 -> 0 | L16: ='statistik The Nusa Dua'!L16+'statistik The Mandalika'!L16+'statistik The Golo Mori'!L16+'statistik MGPA'!L16+'statistik INU'!L16 -> 1 | M16: ='statistik The Nusa Dua'!M16+'statistik The Mandalika'!M16+'statistik The Golo Mori'!M16+'statistik MGPA'!M16+'statistik INU'!M16 -> 1 | ... W16: ='statistik The Nusa Dua'!W16+'statistik The Mandalika'!W16+'statistik The Golo Mori'!W16+'statistik MGPA'!W16+'statistik INU'!W16 -> 1
D17: =C8 -> Apresiasi | F17: ='statistik The Nusa Dua'!F17+'statistik The Mandalika'!F17+'statistik The Golo Mori'!F17+'statistik MGPA'!F17+'statistik INU'!F17 -> 0 | G17: ='statistik The Nusa Dua'!G17+'statistik The Mandalika'!G17+'statistik The Golo Mori'!G17+'statistik MGPA'!G17+'statistik INU'!G17 -> 0 | H17: ='statistik The Nusa Dua'!H17+'statistik The Mandalika'!H17+'statistik The Golo Mori'!H17+'statistik MGPA'!H17+'statistik INU'!H17 -> 0 | I17: ='statistik The Nusa Dua'!I17+'statistik The Mandalika'!I17+'statistik The Golo Mori'!I17+'statistik MGPA'!I17+'statistik INU'!I17 -> 0 | J17: ='statistik The Nusa Dua'!J17+'statistik The Mandalika'!J17+'statistik The Golo Mori'!J17+'statistik MGPA'!J17+'statistik INU'!J17 -> 0 | K17: ='statistik The Nusa Dua'!K17+'statistik The Mandalika'!K17+'statistik The Golo Mori'!K17+'statistik MGPA'!K17+'statistik INU'!K17 -> 0 | L17: ='statistik The Nusa Dua'!L17+'statistik The Mandalika'!L17+'statistik The Golo Mori'!L17+'statistik MGPA'!L17+'statistik INU'!L17 -> 0 | M17: ='statistik The Nusa Dua'!M17+'statistik The Mandalika'!M17+'statistik The Golo Mori'!M17+'statistik MGPA'!M17+'statistik INU'!M17 -> 0 | ... W17: ='statistik The Nusa Dua'!W17+'statistik The Mandalika'!W17+'statistik The Golo Mori'!W17+'statistik MGPA'!W17+'statistik INU'!W17 -> 0
B18: c | C18: Email | D18: =C5 -> Permintaan Informasi | F18: ='statistik The Nusa Dua'!F18+'statistik The Mandalika'!F18+'statistik The Golo Mori'!F18+'statistik MGPA'!F18+'statistik INU'!F18 -> 0 | G18: ='statistik The Nusa Dua'!G18+'statistik The Mandalika'!G18+'statistik The Golo Mori'!G18+'statistik MGPA'!G18+'statistik INU'!G18 -> 0 | H18: ='statistik The Nusa Dua'!H18+'statistik The Mandalika'!H18+'statistik The Golo Mori'!H18+'statistik MGPA'!H18+'statistik INU'!H18 -> 0 | I18: ='statistik The Nusa Dua'!I18+'statistik The Mandalika'!I18+'statistik The Golo Mori'!I18+'statistik MGPA'!I18+'statistik INU'!I18 -> 0 | J18: ='statistik The Nusa Dua'!J18+'statistik The Mandalika'!J18+'statistik The Golo Mori'!J18+'statistik MGPA'!J18+'statistik INU'!J18 -> 0 | K18: ='statistik The Nusa Dua'!K18+'statistik The Mandalika'!K18+'statistik The Golo Mori'!K18+'statistik MGPA'!K18+'statistik INU'!K18 -> 0 | L18: ='statistik The Nusa Dua'!L18+'statistik The Mandalika'!L18+'statistik The Golo Mori'!L18+'statistik MGPA'!L18+'statistik INU'!L18 -> 0 | M18: ='statistik The Nusa Dua'!M18+'statistik The Mandalika'!M18+'statistik The Golo Mori'!M18+'statistik MGPA'!M18+'statistik INU'!M18 -> 0 | ... W18: ='statistik The Nusa Dua'!W18+'statistik The Mandalika'!W18+'statistik The Golo Mori'!W18+'statistik MGPA'!W18+'statistik INU'!W18 -> 0
D19: =C6 -> Request | F19: ='statistik The Nusa Dua'!F19+'statistik The Mandalika'!F19+'statistik The Golo Mori'!F19+'statistik MGPA'!F19+'statistik INU'!F19 -> 0 | G19: ='statistik The Nusa Dua'!G19+'statistik The Mandalika'!G19+'statistik The Golo Mori'!G19+'statistik MGPA'!G19+'statistik INU'!G19 -> 0 | H19: ='statistik The Nusa Dua'!H19+'statistik The Mandalika'!H19+'statistik The Golo Mori'!H19+'statistik MGPA'!H19+'statistik INU'!H19 -> 0 | I19: ='statistik The Nusa Dua'!I19+'statistik The Mandalika'!I19+'statistik The Golo Mori'!I19+'statistik MGPA'!I19+'statistik INU'!I19 -> 0 | J19: ='statistik The Nusa Dua'!J19+'statistik The Mandalika'!J19+'statistik The Golo Mori'!J19+'statistik MGPA'!J19+'statistik INU'!J19 -> 0 | K19: ='statistik The Nusa Dua'!K19+'statistik The Mandalika'!K19+'statistik The Golo Mori'!K19+'statistik MGPA'!K19+'statistik INU'!K19 -> 0 | L19: ='statistik The Nusa Dua'!L19+'statistik The Mandalika'!L19+'statistik The Golo Mori'!L19+'statistik MGPA'!L19+'statistik INU'!L19 -> 0 | M19: ='statistik The Nusa Dua'!M19+'statistik The Mandalika'!M19+'statistik The Golo Mori'!M19+'statistik MGPA'!M19+'statistik INU'!M19 -> 0 | ... W19: ='statistik The Nusa Dua'!W19+'statistik The Mandalika'!W19+'statistik The Golo Mori'!W19+'statistik MGPA'!W19+'statistik INU'!W19 -> 1
D20: =C7 -> Keluhan | F20: ='statistik The Nusa Dua'!F20+'statistik The Mandalika'!F20+'statistik The Golo Mori'!F20+'statistik MGPA'!F20+'statistik INU'!F20 -> 1 | G20: ='statistik The Nusa Dua'!G20+'statistik The Mandalika'!G20+'statistik The Golo Mori'!G20+'statistik MGPA'!G20+'statistik INU'!G20 -> 1 | H20: ='statistik The Nusa Dua'!H20+'statistik The Mandalika'!H20+'statistik The Golo Mori'!H20+'statistik MGPA'!H20+'statistik INU'!H20 -> 0 | I20: ='statistik The Nusa Dua'!I20+'statistik The Mandalika'!I20+'statistik The Golo Mori'!I20+'statistik MGPA'!I20+'statistik INU'!I20 -> 2 | J20: ='statistik The Nusa Dua'!J20+'statistik The Mandalika'!J20+'statistik The Golo Mori'!J20+'statistik MGPA'!J20+'statistik INU'!J20 -> 2 | K20: ='statistik The Nusa Dua'!K20+'statistik The Mandalika'!K20+'statistik The Golo Mori'!K20+'statistik MGPA'!K20+'statistik INU'!K20 -> 0 | L20: ='statistik The Nusa Dua'!L20+'statistik The Mandalika'!L20+'statistik The Golo Mori'!L20+'statistik MGPA'!L20+'statistik INU'!L20 -> 0 | M20: ='statistik The Nusa Dua'!M20+'statistik The Mandalika'!M20+'statistik The Golo Mori'!M20+'statistik MGPA'!M20+'statistik INU'!M20 -> 3 | ... W20: ='statistik The Nusa Dua'!W20+'statistik The Mandalika'!W20+'statistik The Golo Mori'!W20+'statistik MGPA'!W20+'statistik INU'!W20 -> 0
D21: =C8 -> Apresiasi | F21: ='statistik The Nusa Dua'!F21+'statistik The Mandalika'!F21+'statistik The Golo Mori'!F21+'statistik MGPA'!F21+'statistik INU'!F21 -> 0 | G21: ='statistik The Nusa Dua'!G21+'statistik The Mandalika'!G21+'statistik The Golo Mori'!G21+'statistik MGPA'!G21+'statistik INU'!G21 -> 0 | H21: ='statistik The Nusa Dua'!H21+'statistik The Mandalika'!H21+'statistik The Golo Mori'!H21+'statistik MGPA'!H21+'statistik INU'!H21 -> 0 | I21: ='statistik The Nusa Dua'!I21+'statistik The Mandalika'!I21+'statistik The Golo Mori'!I21+'statistik MGPA'!I21+'statistik INU'!I21 -> 0 | J21: ='statistik The Nusa Dua'!J21+'statistik The Mandalika'!J21+'statistik The Golo Mori'!J21+'statistik MGPA'!J21+'statistik INU'!J21 -> 0 | K21: ='statistik The Nusa Dua'!K21+'statistik The Mandalika'!K21+'statistik The Golo Mori'!K21+'statistik MGPA'!K21+'statistik INU'!K21 -> 0 | L21: ='statistik The Nusa Dua'!L21+'statistik The Mandalika'!L21+'statistik The Golo Mori'!L21+'statistik MGPA'!L21+'statistik INU'!L21 -> 0 | M21: ='statistik The Nusa Dua'!M21+'statistik The Mandalika'!M21+'statistik The Golo Mori'!M21+'statistik MGPA'!M21+'statistik INU'!M21 -> 0 | ... W21: ='statistik The Nusa Dua'!W21+'statistik The Mandalika'!W21+'statistik The Golo Mori'!W21+'statistik MGPA'!W21+'statistik INU'!W21 -> 0
B22: d | C22: Kotak Saran | D22: =D10 -> Permintaan Informasi | F22: ='statistik The Nusa Dua'!F22+'statistik The Mandalika'!F22+'statistik The Golo Mori'!F22+'statistik MGPA'!F22+'statistik INU'!F22 -> 0 | G22: ='statistik The Nusa Dua'!G22+'statistik The Mandalika'!G22+'statistik The Golo Mori'!G22+'statistik MGPA'!G22+'statistik INU'!G22 -> 0 | H22: ='statistik The Nusa Dua'!H22+'statistik The Mandalika'!H22+'statistik The Golo Mori'!H22+'statistik MGPA'!H22+'statistik INU'!H22 -> 0 | I22: ='statistik The Nusa Dua'!I22+'statistik The Mandalika'!I22+'statistik The Golo Mori'!I22+'statistik MGPA'!I22+'statistik INU'!I22 -> 0 | J22: ='statistik The Nusa Dua'!J22+'statistik The Mandalika'!J22+'statistik The Golo Mori'!J22+'statistik MGPA'!J22+'statistik INU'!J22 -> 0 | K22: ='statistik The Nusa Dua'!K22+'statistik The Mandalika'!K22+'statistik The Golo Mori'!K22+'statistik MGPA'!K22+'statistik INU'!K22 -> 0 | L22: ='statistik The Nusa Dua'!L22+'statistik The Mandalika'!L22+'statistik The Golo Mori'!L22+'statistik MGPA'!L22+'statistik INU'!L22 -> 0 | M22: ='statistik The Nusa Dua'!M22+'statistik The Mandalika'!M22+'statistik The Golo Mori'!M22+'statistik MGPA'!M22+'statistik INU'!M22 -> 0 | ... W22: ='statistik The Nusa Dua'!W22+'statistik The Mandalika'!W22+'statistik The Golo Mori'!W22+'statistik MGPA'!W22+'statistik INU'!W22 -> 0
D23: =D11 -> Request | F23: ='statistik The Nusa Dua'!F23+'statistik The Mandalika'!F23+'statistik The Golo Mori'!F23+'statistik MGPA'!F23+'statistik INU'!F23 -> 0 | G23: ='statistik The Nusa Dua'!G23+'statistik The Mandalika'!G23+'statistik The Golo Mori'!G23+'statistik MGPA'!G23+'statistik INU'!G23 -> 0 | H23: ='statistik The Nusa Dua'!H23+'statistik The Mandalika'!H23+'statistik The Golo Mori'!H23+'statistik MGPA'!H23+'statistik INU'!H23 -> 0 | I23: ='statistik The Nusa Dua'!I23+'statistik The Mandalika'!I23+'statistik The Golo Mori'!I23+'statistik MGPA'!I23+'statistik INU'!I23 -> 0 | J23: ='statistik The Nusa Dua'!J23+'statistik The Mandalika'!J23+'statistik The Golo Mori'!J23+'statistik MGPA'!J23+'statistik INU'!J23 -> 0 | K23: ='statistik The Nusa Dua'!K23+'statistik The Mandalika'!K23+'statistik The Golo Mori'!K23+'statistik MGPA'!K23+'statistik INU'!K23 -> 0 | L23: ='statistik The Nusa Dua'!L23+'statistik The Mandalika'!L23+'statistik The Golo Mori'!L23+'statistik MGPA'!L23+'statistik INU'!L23 -> 0 | M23: ='statistik The Nusa Dua'!M23+'statistik The Mandalika'!M23+'statistik The Golo Mori'!M23+'statistik MGPA'!M23+'statistik INU'!M23 -> 0 | ... W23: ='statistik The Nusa Dua'!W23+'statistik The Mandalika'!W23+'statistik The Golo Mori'!W23+'statistik MGPA'!W23+'statistik INU'!W23 -> 0
D24: =D12 -> Keluhan | F24: ='statistik The Nusa Dua'!F24+'statistik The Mandalika'!F24+'statistik The Golo Mori'!F24+'statistik MGPA'!F24+'statistik INU'!F24 -> 0 | G24: ='statistik The Nusa Dua'!G24+'statistik The Mandalika'!G24+'statistik The Golo Mori'!G24+'statistik MGPA'!G24+'statistik INU'!G24 -> 0 | H24: ='statistik The Nusa Dua'!H24+'statistik The Mandalika'!H24+'statistik The Golo Mori'!H24+'statistik MGPA'!H24+'statistik INU'!H24 -> 0 | I24: ='statistik The Nusa Dua'!I24+'statistik The Mandalika'!I24+'statistik The Golo Mori'!I24+'statistik MGPA'!I24+'statistik INU'!I24 -> 0 | J24: ='statistik The Nusa Dua'!J24+'statistik The Mandalika'!J24+'statistik The Golo Mori'!J24+'statistik MGPA'!J24+'statistik INU'!J24 -> 0 | K24: ='statistik The Nusa Dua'!K24+'statistik The Mandalika'!K24+'statistik The Golo Mori'!K24+'statistik MGPA'!K24+'statistik INU'!K24 -> 0 | L24: ='statistik The Nusa Dua'!L24+'statistik The Mandalika'!L24+'statistik The Golo Mori'!L24+'statistik MGPA'!L24+'statistik INU'!L24 -> 0 | M24: ='statistik The Nusa Dua'!M24+'statistik The Mandalika'!M24+'statistik The Golo Mori'!M24+'statistik MGPA'!M24+'statistik INU'!M24 -> 0 | ... W24: ='statistik The Nusa Dua'!W24+'statistik The Mandalika'!W24+'statistik The Golo Mori'!W24+'statistik MGPA'!W24+'statistik INU'!W24 -> 0
D25: =D13 -> Apresiasi | F25: ='statistik The Nusa Dua'!F25+'statistik The Mandalika'!F25+'statistik The Golo Mori'!F25+'statistik MGPA'!F25+'statistik INU'!F25 -> 0 | G25: ='statistik The Nusa Dua'!G25+'statistik The Mandalika'!G25+'statistik The Golo Mori'!G25+'statistik MGPA'!G25+'statistik INU'!G25 -> 0 | H25: ='statistik The Nusa Dua'!H25+'statistik The Mandalika'!H25+'statistik The Golo Mori'!H25+'statistik MGPA'!H25+'statistik INU'!H25 -> 0 | I25: ='statistik The Nusa Dua'!I25+'statistik The Mandalika'!I25+'statistik The Golo Mori'!I25+'statistik MGPA'!I25+'statistik INU'!I25 -> 0 | J25: ='statistik The Nusa Dua'!J25+'statistik The Mandalika'!J25+'statistik The Golo Mori'!J25+'statistik MGPA'!J25+'statistik INU'!J25 -> 0 | K25: ='statistik The Nusa Dua'!K25+'statistik The Mandalika'!K25+'statistik The Golo Mori'!K25+'statistik MGPA'!K25+'statistik INU'!K25 -> 0 | L25: ='statistik The Nusa Dua'!L25+'statistik The Mandalika'!L25+'statistik The Golo Mori'!L25+'statistik MGPA'!L25+'statistik INU'!L25 -> 0 | M25: ='statistik The Nusa Dua'!M25+'statistik The Mandalika'!M25+'statistik The Golo Mori'!M25+'statistik MGPA'!M25+'statistik INU'!M25 -> 0 | ... W25: ='statistik The Nusa Dua'!W25+'statistik The Mandalika'!W25+'statistik The Golo Mori'!W25+'statistik MGPA'!W25+'statistik INU'!W25 -> 0
B26: e | C26: Live Chat | D26: =D10 -> Permintaan Informasi | F26: ='statistik The Nusa Dua'!F26+'statistik The Mandalika'!F26+'statistik The Golo Mori'!F26+'statistik MGPA'!F26+'statistik INU'!F26 -> 0 | G26: ='statistik The Nusa Dua'!G26+'statistik The Mandalika'!G26+'statistik The Golo Mori'!G26+'statistik MGPA'!G26+'statistik INU'!G26 -> 0 | H26: ='statistik The Nusa Dua'!H26+'statistik The Mandalika'!H26+'statistik The Golo Mori'!H26+'statistik MGPA'!H26+'statistik INU'!H26 -> 0 | I26: ='statistik The Nusa Dua'!I26+'statistik The Mandalika'!I26+'statistik The Golo Mori'!I26+'statistik MGPA'!I26+'statistik INU'!I26 -> 0 | J26: ='statistik The Nusa Dua'!J26+'statistik The Mandalika'!J26+'statistik The Golo Mori'!J26+'statistik MGPA'!J26+'statistik INU'!J26 -> 0 | K26: ='statistik The Nusa Dua'!K26+'statistik The Mandalika'!K26+'statistik The Golo Mori'!K26+'statistik MGPA'!K26+'statistik INU'!K26 -> 0 | L26: ='statistik The Nusa Dua'!L26+'statistik The Mandalika'!L26+'statistik The Golo Mori'!L26+'statistik MGPA'!L26+'statistik INU'!L26 -> 0 | M26: ='statistik The Nusa Dua'!M26+'statistik The Mandalika'!M26+'statistik The Golo Mori'!M26+'statistik MGPA'!M26+'statistik INU'!M26 -> 0 | ... W26: ='statistik The Nusa Dua'!W26+'statistik The Mandalika'!W26+'statistik The Golo Mori'!W26+'statistik MGPA'!W26+'statistik INU'!W26 -> 0
D27: =D11 -> Request | F27: ='statistik The Nusa Dua'!F27+'statistik The Mandalika'!F27+'statistik The Golo Mori'!F27+'statistik MGPA'!F27+'statistik INU'!F27 -> 0 | G27: ='statistik The Nusa Dua'!G27+'statistik The Mandalika'!G27+'statistik The Golo Mori'!G27+'statistik MGPA'!G27+'statistik INU'!G27 -> 0 | H27: ='statistik The Nusa Dua'!H27+'statistik The Mandalika'!H27+'statistik The Golo Mori'!H27+'statistik MGPA'!H27+'statistik INU'!H27 -> 0 | I27: ='statistik The Nusa Dua'!I27+'statistik The Mandalika'!I27+'statistik The Golo Mori'!I27+'statistik MGPA'!I27+'statistik INU'!I27 -> 0 | J27: ='statistik The Nusa Dua'!J27+'statistik The Mandalika'!J27+'statistik The Golo Mori'!J27+'statistik MGPA'!J27+'statistik INU'!J27 -> 0 | K27: ='statistik The Nusa Dua'!K27+'statistik The Mandalika'!K27+'statistik The Golo Mori'!K27+'statistik MGPA'!K27+'statistik INU'!K27 -> 0 | L27: ='statistik The Nusa Dua'!L27+'statistik The Mandalika'!L27+'statistik The Golo Mori'!L27+'statistik MGPA'!L27+'statistik INU'!L27 -> 0 | M27: ='statistik The Nusa Dua'!M27+'statistik The Mandalika'!M27+'statistik The Golo Mori'!M27+'statistik MGPA'!M27+'statistik INU'!M27 -> 0 | ... W27: ='statistik The Nusa Dua'!W27+'statistik The Mandalika'!W27+'statistik The Golo Mori'!W27+'statistik MGPA'!W27+'statistik INU'!W27 -> 0
D28: =D12 -> Keluhan | F28: ='statistik The Nusa Dua'!F28+'statistik The Mandalika'!F28+'statistik The Golo Mori'!F28+'statistik MGPA'!F28+'statistik INU'!F28 -> 0 | G28: ='statistik The Nusa Dua'!G28+'statistik The Mandalika'!G28+'statistik The Golo Mori'!G28+'statistik MGPA'!G28+'statistik INU'!G28 -> 0 | H28: ='statistik The Nusa Dua'!H28+'statistik The Mandalika'!H28+'statistik The Golo Mori'!H28+'statistik MGPA'!H28+'statistik INU'!H28 -> 0 | I28: ='statistik The Nusa Dua'!I28+'statistik The Mandalika'!I28+'statistik The Golo Mori'!I28+'statistik MGPA'!I28+'statistik INU'!I28 -> 0 | J28: ='statistik The Nusa Dua'!J28+'statistik The Mandalika'!J28+'statistik The Golo Mori'!J28+'statistik MGPA'!J28+'statistik INU'!J28 -> 0 | K28: ='statistik The Nusa Dua'!K28+'statistik The Mandalika'!K28+'statistik The Golo Mori'!K28+'statistik MGPA'!K28+'statistik INU'!K28 -> 0 | L28: ='statistik The Nusa Dua'!L28+'statistik The Mandalika'!L28+'statistik The Golo Mori'!L28+'statistik MGPA'!L28+'statistik INU'!L28 -> 0 | M28: ='statistik The Nusa Dua'!M28+'statistik The Mandalika'!M28+'statistik The Golo Mori'!M28+'statistik MGPA'!M28+'statistik INU'!M28 -> 0 | ... W28: ='statistik The Nusa Dua'!W28+'statistik The Mandalika'!W28+'statistik The Golo Mori'!W28+'statistik MGPA'!W28+'statistik INU'!W28 -> 0
D29: =D13 -> Apresiasi | F29: ='statistik The Nusa Dua'!F29+'statistik The Mandalika'!F29+'statistik The Golo Mori'!F29+'statistik MGPA'!F29+'statistik INU'!F29 -> 0 | G29: ='statistik The Nusa Dua'!G29+'statistik The Mandalika'!G29+'statistik The Golo Mori'!G29+'statistik MGPA'!G29+'statistik INU'!G29 -> 0 | H29: ='statistik The Nusa Dua'!H29+'statistik The Mandalika'!H29+'statistik The Golo Mori'!H29+'statistik MGPA'!H29+'statistik INU'!H29 -> 0 | I29: ='statistik The Nusa Dua'!I29+'statistik The Mandalika'!I29+'statistik The Golo Mori'!I29+'statistik MGPA'!I29+'statistik INU'!I29 -> 0 | J29: ='statistik The Nusa Dua'!J29+'statistik The Mandalika'!J29+'statistik The Golo Mori'!J29+'statistik MGPA'!J29+'statistik INU'!J29 -> 0 | K29: ='statistik The Nusa Dua'!K29+'statistik The Mandalika'!K29+'statistik The Golo Mori'!K29+'statistik MGPA'!K29+'statistik INU'!K29 -> 0 | L29: ='statistik The Nusa Dua'!L29+'statistik The Mandalika'!L29+'statistik The Golo Mori'!L29+'statistik MGPA'!L29+'statistik INU'!L29 -> 0 | M29: ='statistik The Nusa Dua'!M29+'statistik The Mandalika'!M29+'statistik The Golo Mori'!M29+'statistik MGPA'!M29+'statistik INU'!M29 -> 0 | ... W29: ='statistik The Nusa Dua'!W29+'statistik The Mandalika'!W29+'statistik The Golo Mori'!W29+'statistik MGPA'!W29+'statistik INU'!W29 -> 0
B30: f | C30: SP4N Lapor! | D30: =D26 -> Permintaan Informasi | F30: ='statistik The Nusa Dua'!F30+'statistik The Mandalika'!F30+'statistik The Golo Mori'!F30+'statistik MGPA'!F30+'statistik INU'!F30 -> 0 | G30: ='statistik The Nusa Dua'!G30+'statistik The Mandalika'!G30+'statistik The Golo Mori'!G30+'statistik MGPA'!G30+'statistik INU'!G30 -> 0 | H30: ='statistik The Nusa Dua'!H30+'statistik The Mandalika'!H30+'statistik The Golo Mori'!H30+'statistik MGPA'!H30+'statistik INU'!H30 -> 0 | I30: ='statistik The Nusa Dua'!I30+'statistik The Mandalika'!I30+'statistik The Golo Mori'!I30+'statistik MGPA'!I30+'statistik INU'!I30 -> 0 | J30: ='statistik The Nusa Dua'!J30+'statistik The Mandalika'!J30+'statistik The Golo Mori'!J30+'statistik MGPA'!J30+'statistik INU'!J30 -> 0 | K30: ='statistik The Nusa Dua'!K30+'statistik The Mandalika'!K30+'statistik The Golo Mori'!K30+'statistik MGPA'!K30+'statistik INU'!K30 -> 0 | L30: ='statistik The Nusa Dua'!L30+'statistik The Mandalika'!L30+'statistik The Golo Mori'!L30+'statistik MGPA'!L30+'statistik INU'!L30 -> 0 | M30: ='statistik The Nusa Dua'!M30+'statistik The Mandalika'!M30+'statistik The Golo Mori'!M30+'statistik MGPA'!M30+'statistik INU'!M30 -> 0 | ... W30: ='statistik The Nusa Dua'!W30+'statistik The Mandalika'!W30+'statistik The Golo Mori'!W30+'statistik MGPA'!W30+'statistik INU'!W30 -> 0
D31: =D27 -> Request | F31: ='statistik The Nusa Dua'!F31+'statistik The Mandalika'!F31+'statistik The Golo Mori'!F31+'statistik MGPA'!F31+'statistik INU'!F31 -> 0 | G31: ='statistik The Nusa Dua'!G31+'statistik The Mandalika'!G31+'statistik The Golo Mori'!G31+'statistik MGPA'!G31+'statistik INU'!G31 -> 0 | H31: ='statistik The Nusa Dua'!H31+'statistik The Mandalika'!H31+'statistik The Golo Mori'!H31+'statistik MGPA'!H31+'statistik INU'!H31 -> 0 | I31: ='statistik The Nusa Dua'!I31+'statistik The Mandalika'!I31+'statistik The Golo Mori'!I31+'statistik MGPA'!I31+'statistik INU'!I31 -> 0 | J31: ='statistik The Nusa Dua'!J31+'statistik The Mandalika'!J31+'statistik The Golo Mori'!J31+'statistik MGPA'!J31+'statistik INU'!J31 -> 0 | K31: ='statistik The Nusa Dua'!K31+'statistik The Mandalika'!K31+'statistik The Golo Mori'!K31+'statistik MGPA'!K31+'statistik INU'!K31 -> 0 | L31: ='statistik The Nusa Dua'!L31+'statistik The Mandalika'!L31+'statistik The Golo Mori'!L31+'statistik MGPA'!L31+'statistik INU'!L31 -> 0 | M31: ='statistik The Nusa Dua'!M31+'statistik The Mandalika'!M31+'statistik The Golo Mori'!M31+'statistik MGPA'!M31+'statistik INU'!M31 -> 0 | ... W31: ='statistik The Nusa Dua'!W31+'statistik The Mandalika'!W31+'statistik The Golo Mori'!W31+'statistik MGPA'!W31+'statistik INU'!W31 -> 0
D32: =D28 -> Keluhan | F32: ='statistik The Nusa Dua'!F32+'statistik The Mandalika'!F32+'statistik The Golo Mori'!F32+'statistik MGPA'!F32+'statistik INU'!F32 -> 0 | G32: ='statistik The Nusa Dua'!G32+'statistik The Mandalika'!G32+'statistik The Golo Mori'!G32+'statistik MGPA'!G32+'statistik INU'!G32 -> 0 | H32: ='statistik The Nusa Dua'!H32+'statistik The Mandalika'!H32+'statistik The Golo Mori'!H32+'statistik MGPA'!H32+'statistik INU'!H32 -> 0 | I32: ='statistik The Nusa Dua'!I32+'statistik The Mandalika'!I32+'statistik The Golo Mori'!I32+'statistik MGPA'!I32+'statistik INU'!I32 -> 0 | J32: ='statistik The Nusa Dua'!J32+'statistik The Mandalika'!J32+'statistik The Golo Mori'!J32+'statistik MGPA'!J32+'statistik INU'!J32 -> 0 | K32: ='statistik The Nusa Dua'!K32+'statistik The Mandalika'!K32+'statistik The Golo Mori'!K32+'statistik MGPA'!K32+'statistik INU'!K32 -> 0 | L32: ='statistik The Nusa Dua'!L32+'statistik The Mandalika'!L32+'statistik The Golo Mori'!L32+'statistik MGPA'!L32+'statistik INU'!L32 -> 0 | M32: ='statistik The Nusa Dua'!M32+'statistik The Mandalika'!M32+'statistik The Golo Mori'!M32+'statistik MGPA'!M32+'statistik INU'!M32 -> 0 | ... W32: ='statistik The Nusa Dua'!W32+'statistik The Mandalika'!W32+'statistik The Golo Mori'!W32+'statistik MGPA'!W32+'statistik INU'!W32 -> 0
D33: Apresiasi | F33: ='statistik The Nusa Dua'!F33+'statistik The Mandalika'!F33+'statistik The Golo Mori'!F33+'statistik MGPA'!F33+'statistik INU'!F33 -> 0 | G33: ='statistik The Nusa Dua'!G33+'statistik The Mandalika'!G33+'statistik The Golo Mori'!G33+'statistik MGPA'!G33+'statistik INU'!G33 -> 0 | H33: ='statistik The Nusa Dua'!H33+'statistik The Mandalika'!H33+'statistik The Golo Mori'!H33+'statistik MGPA'!H33+'statistik INU'!H33 -> 0 | I33: ='statistik The Nusa Dua'!I33+'statistik The Mandalika'!I33+'statistik The Golo Mori'!I33+'statistik MGPA'!I33+'statistik INU'!I33 -> 0 | J33: ='statistik The Nusa Dua'!J33+'statistik The Mandalika'!J33+'statistik The Golo Mori'!J33+'statistik MGPA'!J33+'statistik INU'!J33 -> 0 | K33: ='statistik The Nusa Dua'!K33+'statistik The Mandalika'!K33+'statistik The Golo Mori'!K33+'statistik MGPA'!K33+'statistik INU'!K33 -> 0 | L33: ='statistik The Nusa Dua'!L33+'statistik The Mandalika'!L33+'statistik The Golo Mori'!L33+'statistik MGPA'!L33+'statistik INU'!L33 -> 0 | M33: ='statistik The Nusa Dua'!M33+'statistik The Mandalika'!M33+'statistik The Golo Mori'!M33+'statistik MGPA'!M33+'statistik INU'!M33 -> 0 | ... W33: ='statistik The Nusa Dua'!W33+'statistik The Mandalika'!W33+'statistik The Golo Mori'!W33+'statistik MGPA'!W33+'statistik INU'!W33 -> 0
B34: g | C34: Whtasapp | D34: =D30 -> Permintaan Informasi | F34: ='statistik The Nusa Dua'!F34+'statistik The Mandalika'!F34+'statistik The Golo Mori'!F34+'statistik MGPA'!F34+'statistik INU'!F34 -> 0 | G34: ='statistik The Nusa Dua'!G34+'statistik The Mandalika'!G34+'statistik The Golo Mori'!G34+'statistik MGPA'!G34+'statistik INU'!G34 -> 0 | H34: ='statistik The Nusa Dua'!H34+'statistik The Mandalika'!H34+'statistik The Golo Mori'!H34+'statistik MGPA'!H34+'statistik INU'!H34 -> 0 | I34: ='statistik The Nusa Dua'!I34+'statistik The Mandalika'!I34+'statistik The Golo Mori'!I34+'statistik MGPA'!I34+'statistik INU'!I34 -> 0 | J34: ='statistik The Nusa Dua'!J34+'statistik The Mandalika'!J34+'statistik The Golo Mori'!J34+'statistik MGPA'!J34+'statistik INU'!J34 -> 0 | K34: ='statistik The Nusa Dua'!K34+'statistik The Mandalika'!K34+'statistik The Golo Mori'!K34+'statistik MGPA'!K34+'statistik INU'!K34 -> 0 | L34: ='statistik The Nusa Dua'!L34+'statistik The Mandalika'!L34+'statistik The Golo Mori'!L34+'statistik MGPA'!L34+'statistik INU'!L34 -> 0 | M34: ='statistik The Nusa Dua'!M34+'statistik The Mandalika'!M34+'statistik The Golo Mori'!M34+'statistik MGPA'!M34+'statistik INU'!M34 -> 0 | ... W34: ='statistik The Nusa Dua'!W34+'statistik The Mandalika'!W34+'statistik The Golo Mori'!W34+'statistik MGPA'!W34+'statistik INU'!W34 -> 15
D35: =D31 -> Request | F35: ='statistik The Nusa Dua'!F35+'statistik The Mandalika'!F35+'statistik The Golo Mori'!F35+'statistik MGPA'!F35+'statistik INU'!F35 -> 0 | G35: ='statistik The Nusa Dua'!G35+'statistik The Mandalika'!G35+'statistik The Golo Mori'!G35+'statistik MGPA'!G35+'statistik INU'!G35 -> 0 | H35: ='statistik The Nusa Dua'!H35+'statistik The Mandalika'!H35+'statistik The Golo Mori'!H35+'statistik MGPA'!H35+'statistik INU'!H35 -> 0 | I35: ='statistik The Nusa Dua'!I35+'statistik The Mandalika'!I35+'statistik The Golo Mori'!I35+'statistik MGPA'!I35+'statistik INU'!I35 -> 0 | J35: ='statistik The Nusa Dua'!J35+'statistik The Mandalika'!J35+'statistik The Golo Mori'!J35+'statistik MGPA'!J35+'statistik INU'!J35 -> 0 | K35: ='statistik The Nusa Dua'!K35+'statistik The Mandalika'!K35+'statistik The Golo Mori'!K35+'statistik MGPA'!K35+'statistik INU'!K35 -> 0 | L35: ='statistik The Nusa Dua'!L35+'statistik The Mandalika'!L35+'statistik The Golo Mori'!L35+'statistik MGPA'!L35+'statistik INU'!L35 -> 0 | M35: ='statistik The Nusa Dua'!M35+'statistik The Mandalika'!M35+'statistik The Golo Mori'!M35+'statistik MGPA'!M35+'statistik INU'!M35 -> 0 | ... W35: ='statistik The Nusa Dua'!W35+'statistik The Mandalika'!W35+'statistik The Golo Mori'!W35+'statistik MGPA'!W35+'statistik INU'!W35 -> 7
D36: =D32 -> Keluhan | F36: ='statistik The Nusa Dua'!F36+'statistik The Mandalika'!F36+'statistik The Golo Mori'!F36+'statistik MGPA'!F36+'statistik INU'!F36 -> 3 | G36: ='statistik The Nusa Dua'!G36+'statistik The Mandalika'!G36+'statistik The Golo Mori'!G36+'statistik MGPA'!G36+'statistik INU'!G36 -> 1 | H36: ='statistik The Nusa Dua'!H36+'statistik The Mandalika'!H36+'statistik The Golo Mori'!H36+'statistik MGPA'!H36+'statistik INU'!H36 -> 0 | I36: ='statistik The Nusa Dua'!I36+'statistik The Mandalika'!I36+'statistik The Golo Mori'!I36+'statistik MGPA'!I36+'statistik INU'!I36 -> 3 | J36: ='statistik The Nusa Dua'!J36+'statistik The Mandalika'!J36+'statistik The Golo Mori'!J36+'statistik MGPA'!J36+'statistik INU'!J36 -> 5 | K36: ='statistik The Nusa Dua'!K36+'statistik The Mandalika'!K36+'statistik The Golo Mori'!K36+'statistik MGPA'!K36+'statistik INU'!K36 -> 6 | L36: ='statistik The Nusa Dua'!L36+'statistik The Mandalika'!L36+'statistik The Golo Mori'!L36+'statistik MGPA'!L36+'statistik INU'!L36 -> 8 | M36: ='statistik The Nusa Dua'!M36+'statistik The Mandalika'!M36+'statistik The Golo Mori'!M36+'statistik MGPA'!M36+'statistik INU'!M36 -> 11 | ... W36: ='statistik The Nusa Dua'!W36+'statistik The Mandalika'!W36+'statistik The Golo Mori'!W36+'statistik MGPA'!W36+'statistik INU'!W36 -> 7
D37: =D33 -> Apresiasi | F37: ='statistik The Nusa Dua'!F37+'statistik The Mandalika'!F37+'statistik The Golo Mori'!F37+'statistik MGPA'!F37+'statistik INU'!F37 -> 0 | G37: ='statistik The Nusa Dua'!G37+'statistik The Mandalika'!G37+'statistik The Golo Mori'!G37+'statistik MGPA'!G37+'statistik INU'!G37 -> 0 | H37: ='statistik The Nusa Dua'!H37+'statistik The Mandalika'!H37+'statistik The Golo Mori'!H37+'statistik MGPA'!H37+'statistik INU'!H37 -> 0 | I37: ='statistik The Nusa Dua'!I37+'statistik The Mandalika'!I37+'statistik The Golo Mori'!I37+'statistik MGPA'!I37+'statistik INU'!I37 -> 0 | J37: ='statistik The Nusa Dua'!J37+'statistik The Mandalika'!J37+'statistik The Golo Mori'!J37+'statistik MGPA'!J37+'statistik INU'!J37 -> 4 | K37: ='statistik The Nusa Dua'!K37+'statistik The Mandalika'!K37+'statistik The Golo Mori'!K37+'statistik MGPA'!K37+'statistik INU'!K37 -> 4 | L37: ='statistik The Nusa Dua'!L37+'statistik The Mandalika'!L37+'statistik The Golo Mori'!L37+'statistik MGPA'!L37+'statistik INU'!L37 -> 8 | M37: ='statistik The Nusa Dua'!M37+'statistik The Mandalika'!M37+'statistik The Golo Mori'!M37+'statistik MGPA'!M37+'statistik INU'!M37 -> 6 | ... W37: ='statistik The Nusa Dua'!W37+'statistik The Mandalika'!W37+'statistik The Golo Mori'!W37+'statistik MGPA'!W37+'statistik INU'!W37 -> 9
B38: h | C38: Instagram | D38: =D34 -> Permintaan Informasi | F38: ='statistik The Nusa Dua'!F38+'statistik The Mandalika'!F38+'statistik The Golo Mori'!F38+'statistik MGPA'!F38+'statistik INU'!F38 -> 2 | G38: ='statistik The Nusa Dua'!G38+'statistik The Mandalika'!G38+'statistik The Golo Mori'!G38+'statistik MGPA'!G38+'statistik INU'!G38 -> 1 | H38: ='statistik The Nusa Dua'!H38+'statistik The Mandalika'!H38+'statistik The Golo Mori'!H38+'statistik MGPA'!H38+'statistik INU'!H38 -> 3 | I38: ='statistik The Nusa Dua'!I38+'statistik The Mandalika'!I38+'statistik The Golo Mori'!I38+'statistik MGPA'!I38+'statistik INU'!I38 -> 3 | J38: ='statistik The Nusa Dua'!J38+'statistik The Mandalika'!J38+'statistik The Golo Mori'!J38+'statistik MGPA'!J38+'statistik INU'!J38 -> 2 | K38: ='statistik The Nusa Dua'!K38+'statistik The Mandalika'!K38+'statistik The Golo Mori'!K38+'statistik MGPA'!K38+'statistik INU'!K38 -> 0 | L38: ='statistik The Nusa Dua'!L38+'statistik The Mandalika'!L38+'statistik The Golo Mori'!L38+'statistik MGPA'!L38+'statistik INU'!L38 -> 11 | M38: ='statistik The Nusa Dua'!M38+'statistik The Mandalika'!M38+'statistik The Golo Mori'!M38+'statistik MGPA'!M38+'statistik INU'!M38 -> 10 | ... W38: ='statistik The Nusa Dua'!W38+'statistik The Mandalika'!W38+'statistik The Golo Mori'!W38+'statistik MGPA'!W38+'statistik INU'!W38 -> 12
D39: =D35 -> Request | F39: ='statistik The Nusa Dua'!F39+'statistik The Mandalika'!F39+'statistik The Golo Mori'!F39+'statistik MGPA'!F39+'statistik INU'!F39 -> 0 | G39: ='statistik The Nusa Dua'!G39+'statistik The Mandalika'!G39+'statistik The Golo Mori'!G39+'statistik MGPA'!G39+'statistik INU'!G39 -> 0 | H39: ='statistik The Nusa Dua'!H39+'statistik The Mandalika'!H39+'statistik The Golo Mori'!H39+'statistik MGPA'!H39+'statistik INU'!H39 -> 0 | I39: ='statistik The Nusa Dua'!I39+'statistik The Mandalika'!I39+'statistik The Golo Mori'!I39+'statistik MGPA'!I39+'statistik INU'!I39 -> 0 | J39: ='statistik The Nusa Dua'!J39+'statistik The Mandalika'!J39+'statistik The Golo Mori'!J39+'statistik MGPA'!J39+'statistik INU'!J39 -> 0 | K39: ='statistik The Nusa Dua'!K39+'statistik The Mandalika'!K39+'statistik The Golo Mori'!K39+'statistik MGPA'!K39+'statistik INU'!K39 -> 0 | L39: ='statistik The Nusa Dua'!L39+'statistik The Mandalika'!L39+'statistik The Golo Mori'!L39+'statistik MGPA'!L39+'statistik INU'!L39 -> 0 | M39: ='statistik The Nusa Dua'!M39+'statistik The Mandalika'!M39+'statistik The Golo Mori'!M39+'statistik MGPA'!M39+'statistik INU'!M39 -> 0 | ... W39: ='statistik The Nusa Dua'!W39+'statistik The Mandalika'!W39+'statistik The Golo Mori'!W39+'statistik MGPA'!W39+'statistik INU'!W39 -> 9
D40: =D36 -> Keluhan | F40: ='statistik The Nusa Dua'!F40+'statistik The Mandalika'!F40+'statistik The Golo Mori'!F40+'statistik MGPA'!F40+'statistik INU'!F40 -> 0 | G40: ='statistik The Nusa Dua'!G40+'statistik The Mandalika'!G40+'statistik The Golo Mori'!G40+'statistik MGPA'!G40+'statistik INU'!G40 -> 1 | H40: ='statistik The Nusa Dua'!H40+'statistik The Mandalika'!H40+'statistik The Golo Mori'!H40+'statistik MGPA'!H40+'statistik INU'!H40 -> 0 | I40: ='statistik The Nusa Dua'!I40+'statistik The Mandalika'!I40+'statistik The Golo Mori'!I40+'statistik MGPA'!I40+'statistik INU'!I40 -> 1 | J40: ='statistik The Nusa Dua'!J40+'statistik The Mandalika'!J40+'statistik The Golo Mori'!J40+'statistik MGPA'!J40+'statistik INU'!J40 -> 0 | K40: ='statistik The Nusa Dua'!K40+'statistik The Mandalika'!K40+'statistik The Golo Mori'!K40+'statistik MGPA'!K40+'statistik INU'!K40 -> 0 | L40: ='statistik The Nusa Dua'!L40+'statistik The Mandalika'!L40+'statistik The Golo Mori'!L40+'statistik MGPA'!L40+'statistik INU'!L40 -> 0 | M40: ='statistik The Nusa Dua'!M40+'statistik The Mandalika'!M40+'statistik The Golo Mori'!M40+'statistik MGPA'!M40+'statistik INU'!M40 -> 0 | ... W40: ='statistik The Nusa Dua'!W40+'statistik The Mandalika'!W40+'statistik The Golo Mori'!W40+'statistik MGPA'!W40+'statistik INU'!W40 -> 9
D41: =D37 -> Apresiasi | F41: ='statistik The Nusa Dua'!F41+'statistik The Mandalika'!F41+'statistik The Golo Mori'!F41+'statistik MGPA'!F41+'statistik INU'!F41 -> 0 | G41: ='statistik The Nusa Dua'!G41+'statistik The Mandalika'!G41+'statistik The Golo Mori'!G41+'statistik MGPA'!G41+'statistik INU'!G41 -> 0 | H41: ='statistik The Nusa Dua'!H41+'statistik The Mandalika'!H41+'statistik The Golo Mori'!H41+'statistik MGPA'!H41+'statistik INU'!H41 -> 0 | I41: ='statistik The Nusa Dua'!I41+'statistik The Mandalika'!I41+'statistik The Golo Mori'!I41+'statistik MGPA'!I41+'statistik INU'!I41 -> 0 | J41: ='statistik The Nusa Dua'!J41+'statistik The Mandalika'!J41+'statistik The Golo Mori'!J41+'statistik MGPA'!J41+'statistik INU'!J41 -> 0 | K41: ='statistik The Nusa Dua'!K41+'statistik The Mandalika'!K41+'statistik The Golo Mori'!K41+'statistik MGPA'!K41+'statistik INU'!K41 -> 0 | L41: ='statistik The Nusa Dua'!L41+'statistik The Mandalika'!L41+'statistik The Golo Mori'!L41+'statistik MGPA'!L41+'statistik INU'!L41 -> 0 | M41: ='statistik The Nusa Dua'!M41+'statistik The Mandalika'!M41+'statistik The Golo Mori'!M41+'statistik MGPA'!M41+'statistik INU'!M41 -> 0 | ... W41: ='statistik The Nusa Dua'!W41+'statistik The Mandalika'!W41+'statistik The Golo Mori'!W41+'statistik MGPA'!W41+'statistik INU'!W41 -> 6
B42: i | C42: Twitter | D42: =D38 -> Permintaan Informasi | F42: ='statistik The Nusa Dua'!F42+'statistik The Mandalika'!F42+'statistik The Golo Mori'!F42+'statistik MGPA'!F42+'statistik INU'!F42 -> 0 | G42: ='statistik The Nusa Dua'!G42+'statistik The Mandalika'!G42+'statistik The Golo Mori'!G42+'statistik MGPA'!G42+'statistik INU'!G42 -> 0 | H42: ='statistik The Nusa Dua'!H42+'statistik The Mandalika'!H42+'statistik The Golo Mori'!H42+'statistik MGPA'!H42+'statistik INU'!H42 -> 0 | I42: ='statistik The Nusa Dua'!I42+'statistik The Mandalika'!I42+'statistik The Golo Mori'!I42+'statistik MGPA'!I42+'statistik INU'!I42 -> 0 | J42: ='statistik The Nusa Dua'!J42+'statistik The Mandalika'!J42+'statistik The Golo Mori'!J42+'statistik MGPA'!J42+'statistik INU'!J42 -> 0 | K42: ='statistik The Nusa Dua'!K42+'statistik The Mandalika'!K42+'statistik The Golo Mori'!K42+'statistik MGPA'!K42+'statistik INU'!K42 -> 0 | L42: ='statistik The Nusa Dua'!L42+'statistik The Mandalika'!L42+'statistik The Golo Mori'!L42+'statistik MGPA'!L42+'statistik INU'!L42 -> 0 | M42: ='statistik The Nusa Dua'!M42+'statistik The Mandalika'!M42+'statistik The Golo Mori'!M42+'statistik MGPA'!M42+'statistik INU'!M42 -> 0 | ... W42: ='statistik The Nusa Dua'!W42+'statistik The Mandalika'!W42+'statistik The Golo Mori'!W42+'statistik MGPA'!W42+'statistik INU'!W42 -> 0
D43: =D39 -> Request | F43: ='statistik The Nusa Dua'!F43+'statistik The Mandalika'!F43+'statistik The Golo Mori'!F43+'statistik MGPA'!F43+'statistik INU'!F43 -> 0 | G43: ='statistik The Nusa Dua'!G43+'statistik The Mandalika'!G43+'statistik The Golo Mori'!G43+'statistik MGPA'!G43+'statistik INU'!G43 -> 0 | H43: ='statistik The Nusa Dua'!H43+'statistik The Mandalika'!H43+'statistik The Golo Mori'!H43+'statistik MGPA'!H43+'statistik INU'!H43 -> 0 | I43: ='statistik The Nusa Dua'!I43+'statistik The Mandalika'!I43+'statistik The Golo Mori'!I43+'statistik MGPA'!I43+'statistik INU'!I43 -> 0 | J43: ='statistik The Nusa Dua'!J43+'statistik The Mandalika'!J43+'statistik The Golo Mori'!J43+'statistik MGPA'!J43+'statistik INU'!J43 -> 0 | K43: ='statistik The Nusa Dua'!K43+'statistik The Mandalika'!K43+'statistik The Golo Mori'!K43+'statistik MGPA'!K43+'statistik INU'!K43 -> 0 | L43: ='statistik The Nusa Dua'!L43+'statistik The Mandalika'!L43+'statistik The Golo Mori'!L43+'statistik MGPA'!L43+'statistik INU'!L43 -> 0 | M43: ='statistik The Nusa Dua'!M43+'statistik The Mandalika'!M43+'statistik The Golo Mori'!M43+'statistik MGPA'!M43+'statistik INU'!M43 -> 0 | ... W43: ='statistik The Nusa Dua'!W43+'statistik The Mandalika'!W43+'statistik The Golo Mori'!W43+'statistik MGPA'!W43+'statistik INU'!W43 -> 0
D44: =D40 -> Keluhan | F44: ='statistik The Nusa Dua'!F44+'statistik The Mandalika'!F44+'statistik The Golo Mori'!F44+'statistik MGPA'!F44+'statistik INU'!F44 -> 0 | G44: ='statistik The Nusa Dua'!G44+'statistik The Mandalika'!G44+'statistik The Golo Mori'!G44+'statistik MGPA'!G44+'statistik INU'!G44 -> 0 | H44: ='statistik The Nusa Dua'!H44+'statistik The Mandalika'!H44+'statistik The Golo Mori'!H44+'statistik MGPA'!H44+'statistik INU'!H44 -> 0 | I44: ='statistik The Nusa Dua'!I44+'statistik The Mandalika'!I44+'statistik The Golo Mori'!I44+'statistik MGPA'!I44+'statistik INU'!I44 -> 0 | J44: ='statistik The Nusa Dua'!J44+'statistik The Mandalika'!J44+'statistik The Golo Mori'!J44+'statistik MGPA'!J44+'statistik INU'!J44 -> 0 | K44: ='statistik The Nusa Dua'!K44+'statistik The Mandalika'!K44+'statistik The Golo Mori'!K44+'statistik MGPA'!K44+'statistik INU'!K44 -> 0 | L44: ='statistik The Nusa Dua'!L44+'statistik The Mandalika'!L44+'statistik The Golo Mori'!L44+'statistik MGPA'!L44+'statistik INU'!L44 -> 0 | M44: ='statistik The Nusa Dua'!M44+'statistik The Mandalika'!M44+'statistik The Golo Mori'!M44+'statistik MGPA'!M44+'statistik INU'!M44 -> 0 | ... W44: ='statistik The Nusa Dua'!W44+'statistik The Mandalika'!W44+'statistik The Golo Mori'!W44+'statistik MGPA'!W44+'statistik INU'!W44 -> 0
D45: Apresiasi | F45: ='statistik The Nusa Dua'!F46+'statistik The Mandalika'!F45+'statistik The Golo Mori'!F45+'statistik MGPA'!F45+'statistik INU'!F45 -> 0 | G45: ='statistik The Nusa Dua'!G46+'statistik The Mandalika'!G45+'statistik The Golo Mori'!G45+'statistik MGPA'!G45+'statistik INU'!G45 -> 0 | H45: ='statistik The Nusa Dua'!H46+'statistik The Mandalika'!H45+'statistik The Golo Mori'!H45+'statistik MGPA'!H45+'statistik INU'!H45 -> 0 | I45: ='statistik The Nusa Dua'!I46+'statistik The Mandalika'!I45+'statistik The Golo Mori'!I45+'statistik MGPA'!I45+'statistik INU'!I45 -> 0 | J45: ='statistik The Nusa Dua'!J46+'statistik The Mandalika'!J45+'statistik The Golo Mori'!J45+'statistik MGPA'!J45+'statistik INU'!J45 -> 0 | K45: ='statistik The Nusa Dua'!K46+'statistik The Mandalika'!K45+'statistik The Golo Mori'!K45+'statistik MGPA'!K45+'statistik INU'!K45 -> 0 | L45: ='statistik The Nusa Dua'!L46+'statistik The Mandalika'!L45+'statistik The Golo Mori'!L45+'statistik MGPA'!L45+'statistik INU'!L45 -> 0 | M45: ='statistik The Nusa Dua'!M46+'statistik The Mandalika'!M45+'statistik The Golo Mori'!M45+'statistik MGPA'!M45+'statistik INU'!M45 -> 0 | ... W45: ='statistik The Nusa Dua'!W46+'statistik The Mandalika'!W45+'statistik The Golo Mori'!W45+'statistik MGPA'!W45+'statistik INU'!W45 -> 0
B46: j | C46: Google Review | D46: =D42 -> Permintaan Informasi | F46: ='statistik The Golo Mori'!F46 -> 0 | G46: ='statistik The Golo Mori'!G46 -> 0 | H46: ='statistik The Golo Mori'!H46 -> 0 | I46: ='statistik The Golo Mori'!I46 -> 0 | J46: ='statistik The Golo Mori'!J46 -> 0 | K46: ='statistik The Golo Mori'!K46 -> 0 | L46: ='statistik The Golo Mori'!L46 -> 0 | M46: ='statistik The Golo Mori'!M46 -> 0 | ... W46: ='statistik The Golo Mori'!W46 -> 0
D47: =D43 -> Request | F47: ='statistik The Golo Mori'!F47 -> 0 | G47: ='statistik The Golo Mori'!G47 -> 0 | H47: ='statistik The Golo Mori'!H47 -> 0 | I47: ='statistik The Golo Mori'!I47 -> 0 | J47: ='statistik The Golo Mori'!J47 -> 0 | K47: ='statistik The Golo Mori'!K47 -> 0 | L47: ='statistik The Golo Mori'!L47 -> 0 | M47: ='statistik The Golo Mori'!M47 -> 0 | ... W47: ='statistik The Golo Mori'!W47 -> 0
D48: =D44 -> Keluhan | F48: ='statistik The Golo Mori'!F48 -> 0 | G48: ='statistik The Golo Mori'!G48 -> 0 | H48: ='statistik The Golo Mori'!H48 -> 0 | I48: ='statistik The Golo Mori'!I48 -> 1 | J48: ='statistik The Golo Mori'!J48 -> 0 | K48: ='statistik The Golo Mori'!K48 -> 0 | L48: ='statistik The Golo Mori'!L48 -> 1 | M48: ='statistik The Golo Mori'!M48 -> 0 | ... W48: ='statistik The Golo Mori'!W48 -> 1
D49: =D45 -> Apresiasi | F49: ='statistik The Golo Mori'!F49 -> 1 | G49: ='statistik The Golo Mori'!G49 -> 4 | H49: ='statistik The Golo Mori'!H49 -> 0 | I49: ='statistik The Golo Mori'!I49 -> 1 | J49: ='statistik The Golo Mori'!J49 -> 1 | K49: ='statistik The Golo Mori'!K49 -> 0 | L49: ='statistik The Golo Mori'!L49 -> 2 | M49: ='statistik The Golo Mori'!M49 -> 2 | ... W49: ='statistik The Golo Mori'!W49 -> 6
A50: 5 | B50: Jumlah Customer Resolution per Service Level Agreement (SLA) | E50: Kategorisasi SLA disesuaikan dengan SLA yang di terapkan di masing-masing member (Per Cabang / Line of Business)
B51: a | C51: FCR (Frist Contact Resolution) | E51: Jumlah kasus yang selesai pada kontak pertama/Total Kasus yang Diterima x 100%
B52: b | C52: < 1 hari | F52: =('statistik The Nusa Dua'!F49+'statistik The Mandalika'!F48+'statistik The Golo Mori'!F52+'statistik MGPA'!F48+'statistik INU'!F48) -> 2 | G52: ='statistik The Nusa Dua'!G49+'statistik The Mandalika'!G48+'statistik The Golo Mori'!G52+'statistik MGPA'!G48+'statistik INU'!G48 -> 2 | H52: ='statistik The Nusa Dua'!H49+'statistik The Mandalika'!H48+'statistik The Golo Mori'!H52+'statistik MGPA'!H48+'statistik INU'!H48 -> 2 | I52: ='statistik The Nusa Dua'!I49+'statistik The Mandalika'!I48+'statistik The Golo Mori'!I52+'statistik MGPA'!I48+'statistik INU'!I48 -> 2 | J52: ='statistik The Nusa Dua'!J49+'statistik The Mandalika'!J48+'statistik The Golo Mori'!J52+'statistik MGPA'!J48+'statistik INU'!J48 -> 3 | K52: ='statistik The Nusa Dua'!K49+'statistik The Mandalika'!K48+'statistik The Golo Mori'!K52+'statistik MGPA'!K48+'statistik INU'!K48 -> 3 | L52: ='statistik The Nusa Dua'!L49+'statistik The Mandalika'!L48+'statistik The Golo Mori'!L52+'statistik MGPA'!L48+'statistik INU'!L48 -> 3 | M52: ='statistik The Nusa Dua'!M49+'statistik The Mandalika'!M48+'statistik The Golo Mori'!M52+'statistik MGPA'!M48+'statistik INU'!M48 -> 3 | N52: ='statistik The Nusa Dua'!N49+'statistik The Mandalika'!N48+'statistik The Golo Mori'!N52+'statistik MGPA'!N48+'statistik INU'!N48 -> 3 | ... W52: ='statistik The Nusa Dua'!W49+'statistik The Mandalika'!W48+'statistik The Golo Mori'!W52+'statistik MGPA'!W48+'statistik INU'!W48 -> 3
B53: c | C53: < 7 hari | F53: ='statistik The Nusa Dua'!F50+'statistik The Mandalika'!F49+'statistik The Golo Mori'!F53+'statistik MGPA'!F49+'statistik INU'!F49 -> 0 | G53: ='statistik The Nusa Dua'!G50+'statistik The Mandalika'!G49+'statistik The Golo Mori'!G53+'statistik MGPA'!G49+'statistik INU'!G49 -> 0 | H53: ='statistik The Nusa Dua'!H50+'statistik The Mandalika'!H49+'statistik The Golo Mori'!H53+'statistik MGPA'!H49+'statistik INU'!H49 -> 0 | I53: ='statistik The Nusa Dua'!I50+'statistik The Mandalika'!I49+'statistik The Golo Mori'!I53+'statistik MGPA'!I49+'statistik INU'!I49 -> 1 | J53: ='statistik The Nusa Dua'!J50+'statistik The Mandalika'!J49+'statistik The Golo Mori'!J53+'statistik MGPA'!J49+'statistik INU'!J49 -> 0 | K53: ='statistik The Nusa Dua'!K50+'statistik The Mandalika'!K49+'statistik The Golo Mori'!K53+'statistik MGPA'!K49+'statistik INU'!K49 -> 0 | L53: ='statistik The Nusa Dua'!L50+'statistik The Mandalika'!L49+'statistik The Golo Mori'!L53+'statistik MGPA'!L49+'statistik INU'!L49 -> 2 | M53: ='statistik The Nusa Dua'!M50+'statistik The Mandalika'!M49+'statistik The Golo Mori'!M53+'statistik MGPA'!M49+'statistik INU'!M49 -> 2 | ... W53: ='statistik The Nusa Dua'!W50+'statistik The Mandalika'!W49+'statistik The Golo Mori'!W53+'statistik MGPA'!W49+'statistik INU'!W49 -> 1
B54: d | C54: > 30 hari | F54: ='statistik The Nusa Dua'!F51+'statistik The Mandalika'!F50+'statistik The Golo Mori'!F54+'statistik MGPA'!F50+'statistik INU'!F50 -> 0 | G54: ='statistik The Nusa Dua'!G51+'statistik The Mandalika'!G50+'statistik The Golo Mori'!G54+'statistik MGPA'!G50+'statistik INU'!G50 -> 0 | H54: ='statistik The Nusa Dua'!H51+'statistik The Mandalika'!H50+'statistik The Golo Mori'!H54+'statistik MGPA'!H50+'statistik INU'!H50 -> 0 | I54: ='statistik The Nusa Dua'!I51+'statistik The Mandalika'!I50+'statistik The Golo Mori'!I54+'statistik MGPA'!I50+'statistik INU'!I50 -> 0 | J54: ='statistik The Nusa Dua'!J51+'statistik The Mandalika'!J50+'statistik The Golo Mori'!J54+'statistik MGPA'!J50+'statistik INU'!J50 -> 0 | K54: ='statistik The Nusa Dua'!K51+'statistik The Mandalika'!K50+'statistik The Golo Mori'!K54+'statistik MGPA'!K50+'statistik INU'!K50 -> 0 | L54: ='statistik The Nusa Dua'!L51+'statistik The Mandalika'!L50+'statistik The Golo Mori'!L54+'statistik MGPA'!L50+'statistik INU'!L50 -> 0 | M54: ='statistik The Nusa Dua'!M51+'statistik The Mandalika'!M50+'statistik The Golo Mori'!M54+'statistik MGPA'!M50+'statistik INU'!M50 -> 0 | ... W54: ='statistik The Nusa Dua'!W51+'statistik The Mandalika'!W50+'statistik The Golo Mori'!W54+'statistik MGPA'!W50+'statistik INU'!W50 -> 0
B55: e | C55: Lainnya (silahkan ditambahkan) | F55: ='statistik The Nusa Dua'!F52+'statistik The Mandalika'!F51+'statistik The Golo Mori'!F55+'statistik MGPA'!F51+'statistik INU'!F51 -> 0 | G55: ='statistik The Nusa Dua'!G52+'statistik The Mandalika'!G51+'statistik The Golo Mori'!G55+'statistik MGPA'!G51+'statistik INU'!G51 -> 0 | H55: ='statistik The Nusa Dua'!H52+'statistik The Mandalika'!H51+'statistik The Golo Mori'!H55+'statistik MGPA'!H51+'statistik INU'!H51 -> 0 | I55: ='statistik The Nusa Dua'!I52+'statistik The Mandalika'!I51+'statistik The Golo Mori'!I55+'statistik MGPA'!I51+'statistik INU'!I51 -> 0 | J55: ='statistik The Nusa Dua'!J52+'statistik The Mandalika'!J51+'statistik The Golo Mori'!J55+'statistik MGPA'!J51+'statistik INU'!J51 -> 0 | K55: ='statistik The Nusa Dua'!K52+'statistik The Mandalika'!K51+'statistik The Golo Mori'!K55+'statistik MGPA'!K51+'statistik INU'!K51 -> 0 | L55: ='statistik The Nusa Dua'!L52+'statistik The Mandalika'!L51+'statistik The Golo Mori'!L55+'statistik MGPA'!L51+'statistik INU'!L51 -> 0 | M55: ='statistik The Nusa Dua'!M52+'statistik The Mandalika'!M51+'statistik The Golo Mori'!M55+'statistik MGPA'!M51+'statistik INU'!M51 -> 0 | ... W55: ='statistik The Nusa Dua'!W52+'statistik The Mandalika'!W51+'statistik The Golo Mori'!W55+'statistik MGPA'!W51+'statistik INU'!W51 -> 0
A56: 6 | B56: Average Handling Time (Call/Contact Center) | E56: (Total Talk Time+Total Hold Time+Total ACW)/Jumlah Interaksi yang Ditangani
B57: a | C57: Telepon | E57: Untuk daftar channel dapat di tambahkan sesuai dengan channel yang ada di member (Per Cabang / Line of Business) | F57: N/A | G57: N/A | H57: N/A | I57: N/A | J57: N/A | K57: N/A | L57: N/A | M57: N/A | N57: N/A | O57: N/A | P57: N/A | Q57: N/A | R57: N/A | S57: N/A | T57: N/A | U57: N/A | V57: N/A | W57: N/A
B58: b | C58: Customer Sevice/tatap muka | F58: N/A | G58: N/A | H58: N/A | I58: N/A | J58: N/A | K58: N/A | L58: N/A | M58: N/A | N58: N/A | O58: N/A | P58: N/A | Q58: N/A | R58: N/A | S58: N/A | T58: N/A | U58: N/A | V58: N/A | W58: N/A
B59: c | C59: Email | F59: N/A | G59: N/A | H59: N/A | I59: N/A | J59: N/A | K59: N/A | L59: N/A | M59: N/A | N59: N/A | O59: N/A | P59: N/A | Q59: N/A | R59: N/A | S59: N/A | T59: N/A | U59: N/A | V59: N/A | W59: N/A
B60: d | C60: Kotak Saran | F60: N/A | G60: N/A | H60: N/A | I60: N/A | J60: N/A | K60: N/A | L60: N/A | M60: N/A | N60: N/A | O60: N/A | P60: N/A | Q60: N/A | R60: N/A | S60: N/A | T60: N/A | U60: N/A | V60: N/A | W60: N/A
B61: e | C61: Live Chat | F61: N/A | G61: N/A | H61: N/A | I61: N/A | J61: N/A | K61: N/A | L61: N/A | M61: N/A | N61: N/A | O61: N/A | P61: N/A | Q61: N/A | R61: N/A | S61: N/A | T61: N/A | U61: N/A | V61: N/A | W61: N/A
B62: f | C62: SP4N Lapor! | F62: N/A | G62: N/A | H62: N/A | I62: N/A | J62: N/A | K62: N/A | L62: N/A | M62: N/A | N62: N/A | O62: N/A | P62: N/A | Q62: N/A | R62: N/A | S62: N/A | T62: N/A | U62: N/A | V62: N/A | W62: N/A
B63: g | C63: Whtasapp | F63: N/A | G63: N/A | H63: N/A | I63: N/A | J63: N/A | K63: N/A | L63: N/A | M63: N/A | N63: N/A | O63: N/A | P63: N/A | Q63: N/A | R63: N/A | S63: N/A | T63: N/A | U63: N/A | V63: N/A | W63: N/A
B64: h | C64: Instagram | F64: N/A | G64: N/A | H64: N/A | I64: N/A | J64: N/A | K64: N/A | L64: N/A | M64: N/A | N64: N/A | O64: N/A | P64: N/A | Q64: N/A | R64: N/A | S64: N/A | T64: N/A | U64: N/A | V64: N/A | W64: N/A
B65: i | C65: Twitter | F65: N/A | G65: N/A | H65: N/A | I65: N/A | J65: N/A | K65: N/A | L65: N/A | M65: N/A | N65: N/A | O65: N/A | P65: N/A | Q65: N/A | R65: N/A | S65: N/A | T65: N/A | U65: N/A | V65: N/A | W65: N/A
C66: CP CX Injourney Group | D66: (Erwan) 08213354446
D67: (Rumiris) 081807882087
D68: (Rikza) 081539393436
C69: Definisi
C70: Pengaduan | D70: Bentuk ketidakpuasan Pelanggan terhadap produk, jasa, atau pelayanan yang diterima, baik terkait kualitas, proses, maupun hasil, yang disampaikan dengan harapan adanya perbaikan atau penyelesaian.
C71: Permintaan/Reservasi/Product Inquiry | D71: Bentuk kebutuhan atau keinginan pelanggan terhadap suatu layanan, informasi, atau tindakan tertentu dari perusahaan yang belum tentu berkaitan dengan masalah atau ketidakpuasan.
C72: Pertanyaan | D72: Bentuk permohonan informasi atau klarifikasi dari Pelanggan terkait produk, jasa, kebijakan, atau prosedur yang dimiliki organisasi.
C73: Informasi | D73: Bentuk komunikasi dari pelanggan berupa pemberian data, masukan, atau laporan yang dapat bersifat netral, informatif, atau sebagai bahan pertimbangan bagi organisasi.
C74: Apresiasi | D74: Bentuk ungkapan kepuasan atau penghargaan dari Pelanggan terhadap kualitas produk, jasa, pelayanan, atau pengalaman yang diberikan oleh organisasi.
C75: Lost and Found | D75: Layanan pengelolaan barang hilang atau tertinggal yang mencakup proses penerimaan laporan, identifikasi, penyimpanan, penelusuran, verifikasi kepemilikan, hingga pengembalian barang kepada pemilik sesuai dengan prosedur yang berlaku
C76: Priority Service | D76: Layanan yang diberikan dengan tingkat prioritas kepada pelanggan yang memenuhi kriteria tertentu atau memiliki kebutuhan khusus, guna memastikan pelayanan diberikan secara cepat, tepat, aman, nyaman, dan sesuai dengan standar pelayanan yang berlaku.
C77: Service Level Agreement | D77: Kesepakatan tingkat layanan yang menetapkan standar waktu/respons/penyelesaian layanan yang harus dipenuhi.
C78: Customer Resolution | D78: Proses penyelesaian masalah, pertanyaan, atau permintaan pelanggan hingga pelanggan memperoleh solusi yang sesuai dan kebutuhannya dianggap telah terpenuhi
C79: Frist Contact Resolution (FCR) | D79: Persentase interaksi pelanggan yang berhasil diselesaikan secara tuntas pada kontak pertama, sehingga pelanggan tidak perlu melakukan kontak ulang terkait isu yang sama.
C80: Average Handling Time (Call Center/Contact Center) | D80: Rata-rata durasi yang diperlukan untuk menangani satu interaksi pelanggan, yang mencakup waktu berbicara (talk time), waktu menunggu (hold time), dan waktu penyelesaian administrasi setelah interaksi (after call work/ACW).
C81: Total Talk Time | D81: Waktu agent berkomunikasi langsung dengan pelanggan
... C83: Total After Call Work (ACW) | D83: Waktu yang digunakan agent setelah interaksi berakhir untuk mencatat hasil, mengisi sistem, atau menyelesaikan administrasi

Sheet Rekap
C5: 2025 | F5: 2026
C6: Oct | D6: Nov | E6: Dec | F6: Jan | G6: Feb | H6: Mar
B7: CSAT - Overall | C7: 4.75 | D7: 3.67 | E7: 4.67 | F7: 1 | G7: 3 | H7: 4.5
C9: 2025 | O9: 2026
C10: Jan | D10: Feb | E10: Mar | F10: Apr | G10: May | H10: Jun | I10: Jul | J10: Aug | K10: Sep | L10: Oct | M10: Nov | N10: Dec | O10: Jan | P10: Feb | Q10: Mar
B11: Volume of Interaction | C11: =2402+1552+613+596 -> 5163 | D11: =7690+302+5009+230 -> 13231 | E11: =3504+591+1403+613 -> 6111 | F11: =758000+2398+687+1022+3437 -> 765544 | G11: =1800000+2603+571+3455+256 -> 1806885 | H11: =1200000+321+597+248+405 -> 1201571 | I11: =3200000+2637+410+2681+198 -> 3205926 | J11: =3000000+2535+616446+250 -> 3619231 | K11: =6800000+1734+87+2694+197 -> 6804712 | L11: =11000000+2450+935+11305+198 -> 11014888 | M11: =1700000+1502+124+486+329 -> 1702441 | N11: =2600000+1311+306+1737+204 -> 2603558 | O11: =2500000+98372+4230+120194+316 -> 2723112 | P11: =2200000+94633+1432+41062+429 -> 2337556 | Q11: =2200000+39684+3019+17328+1726 -> 2261757
C14: 2025 | O14: 2026
C15: Jan | D15: Feb | E15: Mar | F15: Apr | G15: May | H15: Jun | I15: Jul | J15: Aug | K15: Sep | L15: Oct | M15: Nov | N15: Dec | O15: Jan | P15: Feb | Q15: Mar
B16: Total Complaint | C16: =ITDC!E19 -> 1 | D16: =ITDC!F19 -> 7 | E16: =ITDC!G19 -> 3 | F16: =ITDC!H19 -> 4 | G16: =ITDC!I19 -> 4 | H16: =ITDC!J19 -> 2 | I16: =ITDC!K19 -> 3 | J16: =ITDC!L19 -> 1 | ... N16: =ITDC!P19 -> 6 | O16: =ITDC!R19 -> 14 | P16: =ITDC!S19 -> 7 | Q16: =ITDC!T19 -> 3

Sheet Bisa dihapus
C5: 2025 | F5: 2026
C6: Oct | D6: Nov | E6: Dec | F6: Jan | G6: Feb | H6: Mar
B7: CSAT - Overall | C7: 4.75 | D7: 3.67 | E7: 4.67 | F7: 1 | G7: 3 | H7: 4.5
C9: 2025 | O9: 2026
C10: Jan | D10: Feb | E10: Mar | F10: Apr | G10: May | H10: Jun | I10: Jul | J10: Aug | K10: Sep | L10: Oct | M10: Nov | N10: Dec | O10: Jan | P10: Feb | Q10: Mar
B11: Volume of Interaction | C11: =2402+1552+613+596 -> 5163 | D11: =7690+302+5009+230 -> 13231 | E11: =3504+591+1403+613 -> 6111 | F11: =758000+2398+687+1022+3437 -> 765544 | G11: =1800000+2603+571+3455+256 -> 1806885 | H11: =1200000+321+597+248+405 -> 1201571 | I11: =3200000+2637+410+2681+198 -> 3205926 | J11: =3000000+2535+616446+250 -> 3619231 | K11: =6800000+1734+87+2694+197 -> 6804712 | L11: =11000000+2450+935+11305+198 -> 11014888 | M11: =1700000+1502+124+486+329 -> 1702441 | N11: =2600000+1311+306+1737+204 -> 2603558 | O11: =2500000+98372+4230+120194+316 -> 2723112 | P11: =2200000+94633+1432+41062+429 -> 2337556 | Q11: =2200000+39684+3019+17328+1726 -> 2261757
C14: 2025 | O14: 2026
C15: Jan | D15: Feb | E15: Mar | F15: Apr | G15: May | H15: Jun | I15: Jul | J15: Aug | K15: Sep | L15: Oct | M15: Nov | N15: Dec | O15: Jan | P15: Feb | Q15: Mar
B16: Total Complaint | C16: 80 | D16: 95 | E16: 110 | F16: 120 | G16: 185 | H16: 160 | I16: 245 | J16: 275 | K16: 230 | L16: 210 | M16: 195 | N16: 180 | O16: 190 | P16: 205 | Q16: 220

Sheet statistik The Nusa Dua
B1: Item Data | E1: Keterangan Pengisian | F1: 45658 | G1: 45689 | H1: 45717 | I1: 45748 | J1: 45778 | K1: 45809 | L1: 45839 | M1: 45870 | N1: 45901 | O1: 45931 | P1: 45962 | Q1: 45992 | R1: 46023 | S1: 46054 | T1: 46082 | U1: 46113 | V1: Mei 2026 | W1: Juni 2026
A2: 1 | B2: Jumlah Pengunjung | E2: Data Total Pengunjung (Per Cabang / Line of Business) | F2: 312247 | G2: 229229 | H2: 228079 | I2: 287663 | J2: 291710 | K2: 313307 | L2: 369481 | M2: 361151 | N2: 353482 | O2: 361554 | P2: 320856 | Q2: 366898 | R2: 330223 | S2: 258846 | T2: 274467 | U2: 293318 | V2: 303023 | W2: 323035 | X2: noted: data sementara. untuk data kunjungan bulan Juni akan kami pada tanggal 10 Juni
A3: 2 | B3: Total Interaksi | E3: Total Interaksi (Per Cabang / Line of Business) | F3: =SUM(F5:F8) -> 3 | G3: =SUM(G5:G8) -> 4 | H3: =SUM(H5:H8) -> 1 | I3: =SUM(I5:I8) -> 4 | J3: =SUM(J5:J8) -> 4 | K3: =SUM(K5:K8) -> 2 | L3: =SUM(L5:L8) -> 1 | M3: =SUM(M5:M8) -> 7 | ... W3: =SUM(W5:W8) -> 15
A4: 3 | B4: Jumlah interaksi per-kategory | E4: Total interaksi per kategori (kategori disesuaikan dengan yang ada di member)(Per Cabang / Line of Business)
C5: Permintaan Informasi | F5: =F10+F14+F18+F22+F26+F30+F34+F38+F42 -> 0 | G5: =G10+G14+G18+G22+G26+G30+G34+G38+G42 -> 0 | H5: =H10+H14+H18+H22+H26+H30+H34+H38+H42 -> 0 | I5: =I10+I14+I18+I22+I26+I30+I34+I38+I42 -> 0 | J5: =J10+J14+J18+J22+J26+J30+J34+J38+J42 -> 0 | K5: =K10+K14+K18+K22+K26+K30+K34+K38+K42 -> 0 | L5: =L10+L14+L18+L22+L26+L30+L34+L38+L42 -> 0 | M5: =M10+M14+M18+M22+M26+M30+M34+M38+M42 -> 0 | ... W5: =W10+W14+W18+W22+W26+W30+W34+W38+W42 -> 6
C6: Request | F6: =F11+F15+F19+F23+F27+F31+F35+F39+F43 -> 0 | G6: =G11+G15+G19+G23+G27+G31+G35+G39+G43 -> 0 | H6: =H11+H15+H19+H23+H27+H31+H35+H39+H43 -> 0 | I6: =I11+I15+I19+I23+I27+I31+I35+I39+I43 -> 0 | J6: =J11+J15+J19+J23+J27+J31+J35+J39+J43 -> 0 | K6: =K11+K15+K19+K23+K27+K31+K35+K39+K43 -> 0 | L6: =L11+L15+L19+L23+L27+L31+L35+L39+L43 -> 0 | M6: =M11+M15+M19+M23+M27+M31+M35+M39+M43 -> 0 | ... W6: =W11+W15+W19+W23+W27+W31+W35+W39+W43 -> 5
C7: Keluhan | F7: =F12+F16+F20+F24+F28+F32+F36+F40+F44 -> 3 | G7: =G12+G16+G20+G24+G28+G32+G36+G40+G44 -> 4 | H7: =H12+H16+H20+H24+H28+H32+H36+H40+H44 -> 1 | I7: =I12+I16+I20+I24+I28+I32+I36+I40+I44 -> 4 | J7: =J12+J16+J20+J24+J28+J32+J36+J40+J44 -> 4 | K7: =K12+K16+K20+K24+K28+K32+K36+K40+K44 -> 2 | L7: =L12+L16+L20+L24+L28+L32+L36+L40+L44 -> 1 | M7: =M12+M16+M20+M24+M28+M32+M36+M40+M44 -> 7 | ... W7: =W12+W16+W20+W24+W28+W32+W36+W40+W44 -> 4
C8: Apresiasi | F8: =F13+F17+F21+F25+F29+F33+F37+F41+F45 -> 0 | G8: =G13+G17+G21+G25+G29+G33+G37+G41+G45 -> 0 | H8: =H13+H17+H21+H25+H29+H33+H37+H41+H45 -> 0 | I8: =I13+I17+I21+I25+I29+I33+I37+I41+I45 -> 0 | J8: =J13+J17+J21+J25+J29+J33+J37+J41+J45 -> 0 | K8: =K13+K17+K21+K25+K29+K33+K37+K41+K45 -> 0 | L8: =L13+L17+L21+L25+L29+L33+L37+L41+L45 -> 0 | M8: =M13+M17+M21+M25+M29+M33+M37+M41+M45 -> 0 | ... W8: =W13+W17+W21+W25+W29+W33+W37+W41+W45 -> 0
A9: 4 | B9: Interaksi per channel
B10: a | C10: Telepon | D10: =C5 -> Permintaan Informasi | F10: 0 | G10: 0 | H10: 0 | I10: 0 | J10: 0 | K10: 0 | L10: 0 | M10: 0 | N10: 0 | O10: 0 | P10: 0 | Q10: 0 | R10: 0 | S10: 3 | T10: 2 | U10: 4 | V10: 3 | W10: 3 | X10: Permintaan informasi dari media, tenant
D11: =C6 -> Request | F11: 0 | G11: 0 | H11: 0 | I11: 0 | J11: 0 | K11: 0 | L11: 0 | M11: 0 | N11: 0 | O11: 0 | P11: 0 | Q11: 0 | R11: 0 | S11: 0 | T11: 0 | U11: 0 | V11: 0 | W11: 0
D12: =C7 -> Keluhan | F12: 1 | G12: 2 | H12: 1 | I12: 0 | J12: 1 | K12: 0 | L12: 0 | M12: 0 | N12: 1 | O12: 0 | P12: 0 | Q12: 0 | R12: 0 | S12: 0 | T12: 0 | U12: 0 | V12: 0 | W12: 0
D13: =C8 -> Apresiasi | F13: 0 | G13: 0 | H13: 0 | I13: 0 | J13: 0 | K13: 0 | L13: 0 | M13: 0 | N13: 0 | O13: 0 | P13: 0 | Q13: 0 | R13: 0 | S13: 0 | T13: 0 | U13: 0 | V13: 0 | W13: 0
B14: b | C14: Customer Sevice/tatap muka | D14: =C5 -> Permintaan Informasi | F14: 0 | G14: 0 | H14: 0 | I14: 0 | J14: 0 | K14: 0 | L14: 0 | M14: 0 | N14: 0 | O14: 0 | P14: 0 | Q14: 0 | R14: 0 | S14: 0 | T14: 0 | U14: 0 | V14: 0 | W14: 0
D15: Request/Reservasi/Product Inquiry | F15: 0 | G15: 0 | H15: 0 | I15: 0 | J15: 0 | K15: 0 | L15: 0 | M15: 0 | N15: 0 | O15: 0 | P15: 0 | Q15: 0 | R15: 0 | S15: 0 | T15: 0 | U15: 0 | V15: 0 | W15: 0
D16: =C7 -> Keluhan | F16: 0 | G16: 0 | H16: 0 | I16: 0 | J16: 0 | K16: 0 | L16: 1 | M16: 0 | N16: 0 | O16: 0 | P16: 0 | Q16: 0 | R16: 0 | S16: 0 | T16: 0 | U16: 0 | V16: 0 | W16: 0
D17: =C8 -> Apresiasi | F17: 0 | G17: 0 | H17: 0 | I17: 0 | J17: 0 | K17: 0 | L17: 0 | M17: 0 | N17: 0 | O17: 0 | P17: 0 | Q17: 0 | R17: 0 | S17: 0 | T17: 0 | U17: 0 | V17: 0 | W17: 0
B18: c | C18: Email | D18: =C5 -> Permintaan Informasi | F18: 0 | G18: 0 | H18: 0 | I18: 0 | J18: 0 | K18: 0 | L18: 0 | M18: 0 | N18: 0 | O18: 0 | P18: 0 | Q18: 0 | R18: 0 | S18: 0 | T18: 0 | U18: 0 | V18: 0 | W18: 0
D19: =C6 -> Request | F19: 0 | G19: 0 | H19: 0 | I19: 0 | J19: 0 | K19: 0 | L19: 0 | M19: 0 | N19: 0 | O19: 0 | P19: 0 | Q19: 0 | R19: 0 | S19: 0 | T19: 4 | U19: 1 | V19: 0 | W19: 1
D20: =C7 -> Keluhan | F20: 1 | G20: 1 | H20: 0 | I20: 2 | J20: 2 | K20: 0 | L20: 0 | M20: 3 | N20: 1 | O20: 0 | P20: 1 | Q20: 1 | R20: 2 | S20: 0 | T20: 0 | U20: 3 | V20: 2 | W20: 0
D21: =C8 -> Apresiasi | F21: 0 | G21: 0 | H21: 0 | I21: 0 | J21: 0 | K21: 0 | L21: 0 | M21: 0 | N21: 0 | O21: 0 | P21: 0 | Q21: 0 | R21: 0 | S21: 0 | T21: 0 | U21: 0 | V21: 0 | W21: 0
B22: d | C22: Kotak Saran | D22: =D10 -> Permintaan Informasi | F22: 0 | G22: 0 | H22: 0 | I22: 0 | J22: 0 | K22: 0 | L22: 0 | M22: 0 | N22: 0 | O22: 0 | P22: 0 | Q22: 0 | R22: 0 | S22: 0 | T22: 0 | U22: 0 | V22: 0 | W22: 0
D23: =D11 -> Request | F23: 0 | G23: 0 | H23: 0 | I23: 0 | J23: 0 | K23: 0 | L23: 0 | M23: 0 | N23: 0 | O23: 0 | P23: 0 | Q23: 0 | R23: 0 | S23: 0 | T23: 0 | U23: 0 | V23: 0 | W23: 0
D24: =D12 -> Keluhan | F24: 0 | G24: 0 | H24: 0 | I24: 0 | J24: 0 | K24: 0 | L24: 0 | M24: 0 | N24: 0 | O24: 0 | P24: 0 | Q24: 0 | R24: 0 | S24: 0 | T24: 0 | U24: 0 | V24: 0 | W24: 0
D25: =D13 -> Apresiasi | F25: 0 | G25: 0 | H25: 0 | I25: 0 | J25: 0 | K25: 0 | L25: 0 | M25: 0 | N25: 0 | O25: 0 | P25: 0 | Q25: 0 | R25: 0 | S25: 0 | T25: 0 | U25: 0 | V25: 0 | W25: 0
B26: e | C26: Live Chat | D26: =D10 -> Permintaan Informasi | F26: 0 | G26: 0 | H26: 0 | I26: 0 | J26: 0 | K26: 0 | L26: 0 | M26: 0 | N26: 0 | O26: 0 | P26: 0 | Q26: 0 | R26: 0 | S26: 0 | T26: 0 | U26: 0 | V26: 0 | W26: 0
D27: =D11 -> Request | F27: 0 | G27: 0 | H27: 0 | I27: 0 | J27: 0 | K27: 0 | L27: 0 | M27: 0 | N27: 0 | O27: 0 | P27: 0 | Q27: 0 | R27: 0 | S27: 0 | T27: 0 | U27: 0 | V27: 0 | W27: 0
D28: =D12 -> Keluhan | F28: 0 | G28: 0 | H28: 0 | I28: 0 | J28: 0 | K28: 0 | L28: 0 | M28: 0 | N28: 0 | O28: 0 | P28: 0 | Q28: 0 | R28: 0 | S28: 0 | T28: 0 | U28: 0 | V28: 0 | W28: 0
D29: =D13 -> Apresiasi | F29: 0 | G29: 0 | H29: 0 | I29: 0 | J29: 0 | K29: 0 | L29: 0 | M29: 0 | N29: 0 | O29: 0 | P29: 0 | Q29: 0 | R29: 0 | S29: 0 | T29: 0 | U29: 0 | V29: 0 | W29: 0
B30: f | C30: SP4N Lapor! | D30: =D26 -> Permintaan Informasi | F30: 0 | G30: 0 | H30: 0 | I30: 0 | J30: 0 | K30: 0 | L30: 0 | M30: 0 | N30: 0 | O30: 0 | P30: 0 | Q30: 0 | R30: 0 | S30: 0 | T30: 0 | U30: 0 | V30: 0 | W30: 0
D31: =D27 -> Request | F31: 0 | G31: 0 | H31: 0 | I31: 0 | J31: 0 | K31: 0 | L31: 0 | M31: 0 | N31: 0 | O31: 0 | P31: 0 | Q31: 0 | R31: 0 | S31: 0 | T31: 0 | U31: 0 | V31: 0 | W31: 0
D32: =D28 -> Keluhan | F32: 0 | G32: 0 | H32: 0 | I32: 0 | J32: 0 | K32: 0 | L32: 0 | M32: 0 | N32: 0 | O32: 0 | P32: 0 | Q32: 0 | R32: 0 | S32: 0 | T32: 0 | U32: 0 | V32: 0 | W32: 0
D33: Apresiasi | F33: 0 | G33: 0 | H33: 0 | I33: 0 | J33: 0 | K33: 0 | L33: 0 | M33: 0 | N33: 0 | O33: 0 | P33: 0 | Q33: 0 | R33: 0 | S33: 0 | T33: 0 | U33: 0 | V33: 0 | W33: 0
B34: g | C34: Whtasapp | D34: =D30 -> Permintaan Informasi | F34: 0 | G34: 0 | H34: 0 | I34: 0 | J34: 0 | K34: 0 | L34: 0 | M34: 0 | N34: 0 | O34: 0 | P34: 0 | Q34: 0 | R34: 0 | S34: 0 | T34: 0 | U34: 1 | V34: 2 | W34: 3
D35: =D31 -> Request | F35: 0 | G35: 0 | H35: 0 | I35: 0 | J35: 0 | K35: 0 | L35: 0 | M35: 0 | N35: 0 | O35: 0 | P35: 0 | Q35: 0 | R35: 0 | S35: 0 | T35: 0 | U35: 2 | V35: 1 | W35: 4
D36: =D32 -> Keluhan | F36: 1 | G36: 0 | H36: 0 | I36: 2 | J36: 1 | K36: 2 | L36: 0 | M36: 4 | N36: 3 | O36: 5 | P36: 3 | Q36: 3 | R36: 3 | S36: 0 | T36: 1 | U36: 1 | V36: 0 | W36: 3
D37: =D33 -> Apresiasi | F37: 0 | G37: 0 | H37: 0 | I37: 0 | J37: 0 | K37: 0 | L37: 0 | M37: 0 | N37: 0 | O37: 0 | P37: 0 | Q37: 0 | R37: 0 | S37: 0 | T37: 0 | U37: 0 | V37: 1 | W37: 0
B38: h | C38: Instagram | D38: =D34 -> Permintaan Informasi | F38: 0 | G38: 0 | H38: 0 | I38: 0 | J38: 0 | K38: 0 | L38: 0 | M38: 0 | N38: 0 | O38: 0 | P38: 0 | Q38: 0 | R38: 0 | S38: 0 | T38: 0 | U38: 0 | V38: 0 | W38: 0
D39: =D35 -> Request | F39: 0 | G39: 0 | H39: 0 | I39: 0 | J39: 0 | K39: 0 | L39: 0 | M39: 0 | N39: 0 | O39: 0 | P39: 0 | Q39: 0 | R39: 0 | S39: 0 | T39: 0 | U39: 0 | V39: 0 | W39: 0
D40: =D36 -> Keluhan | F40: 0 | G40: 1 | H40: 0 | I40: 0 | J40: 0 | K40: 0 | L40: 0 | M40: 0 | N40: 2 | O40: 0 | P40: 0 | Q40: 0 | R40: 1 | S40: 3 | T40: 1 | U40: 0 | V40: 0 | W40: 1
D41: =D37 -> Apresiasi | F41: 0 | G41: 0 | H41: 0 | I41: 0 | J41: 0 | K41: 0 | L41: 0 | M41: 0 | N41: 0 | O41: 0 | P41: 0 | Q41: 0 | R41: 0 | S41: 0 | T41: 0 | U41: 0 | V41: 0 | W41: 0
B42: i | C42: Twitter | D42: =D38 -> Permintaan Informasi | F42: 0 | G42: 0 | H42: 0 | I42: 0 | J42: 0 | K42: 0 | L42: 0 | M42: 0 | N42: 0 | O42: 0 | P42: 0 | Q42: 0 | R42: 0 | S42: 0 | T42: 0 | U42: 0 | V42: 0 | W42: 0
D43: =D39 -> Request | F43: 0 | G43: 0 | H43: 0 | I43: 0 | J43: 0 | K43: 0 | L43: 0 | M43: 0 | N43: 0 | O43: 0 | P43: 0 | Q43: 0 | R43: 0 | S43: 0 | T43: 0 | U43: 0 | V43: 0 | W43: 0
D44: =D40 -> Keluhan | F44: 0 | G44: 0 | H44: 0 | I44: 0 | J44: 0 | K44: 0 | L44: 0 | M44: 0 | N44: 0 | O44: 0 | P44: 0 | Q44: 0 | R44: 0 | S44: 0 | T44: 0 | U44: 0 | V44: 0 | W44: 0
D45: Informasi | F45: 0 | G45: 0 | H45: 0 | I45: 0 | J45: 0 | K45: 0 | L45: 0 | M45: 0 | N45: 0 | O45: 0 | P45: 0 | Q45: 0 | R45: 0 | S45: 0 | T45: 0 | U45: 0 | V45: 0 | W45: 0
D46: Apresiasi | F46: 0 | G46: 0 | H46: 0 | I46: 0 | J46: 0 | K46: 0 | L46: 0 | M46: 0 | N46: 0 | O46: 0 | P46: 0 | Q46: 0 | R46: 0 | S46: 0 | T46: 0 | U46: 0 | V46: 0 | W46: 0
A47: 5 | B47: Jumlah Customer Resolution per Service Level Agreement (SLA) | E47: Kategorisasi SLA disesuaikan dengan SLA yang di terapkan di masing-masing member (Per Cabang / Line of Business)
B48: a | C48: FCR (Frist Contact Resolution) | E48: Jumlah kasus yang selesai pada kontak pertama/Total Kasus yang Diterima x 100%
B49: b | C49: < 1 hari | F49: 1 | G49: 1 | H49: 1 | I49: 1 | J49: 1 | K49: 1 | L49: 1 | M49: 1 | N49: 1 | O49: 1 | P49: 1 | Q49: 1 | R49: 1 | S49: 1 | T49: 1 | U49: 1 | V49: 1 | W49: 1
B50: c | C50: < 7 hari | F50: 0 | G50: 0 | H50: 0 | I50: 0 | J50: 0 | K50: 0 | L50: 0 | M50: 0 | N50: 0 | O50: 0 | P50: 0 | Q50: 0 | R50: 0 | S50: 0 | T50: 0 | U50: 0 | V50: 0 | W50: 0
B51: d | C51: > 30 hari | F51: 0 | G51: 0 | H51: 0 | I51: 0 | J51: 0 | K51: 0 | L51: 0 | M51: 0 | N51: 0 | O51: 0 | P51: 0 | Q51: 0 | R51: 0 | S51: 0 | T51: 0 | U51: 0 | V51: 0 | W51: 0
B52: e | C52: Lainnya (silahkan ditambahkan) | F52: 0 | G52: 0 | H52: 0 | I52: 0 | J52: 0 | K52: 0 | L52: 0 | M52: 0 | N52: 0 | O52: 0 | P52: 0 | Q52: 0 | R52: 0 | S52: 0 | T52: 0 | U52: 0 | V52: 0 | W52: 0
A53: 6 | B53: Average Handling Time (Call/Contact Center) | E53: (Total Talk Time+Total Hold Time+Total ACW)/Jumlah Interaksi yang Ditangani
B54: a | C54: Telepon | E54: Untuk daftar channel dapat di tambahkan sesuai dengan channel yang ada di member (Per Cabang / Line of Business) | F54: N/A | G54: N/A | H54: N/A | I54: N/A | J54: N/A | K54: N/A | L54: N/A | M54: N/A | N54: N/A | O54: N/A | P54: N/A | Q54: N/A | R54: N/A | S54: N/A | T54: N/A | U54: N/A | V54: N/A | W54: N/A
B55: b | C55: Customer Sevice/tatap muka | F55: N/A | G55: N/A | H55: N/A | I55: N/A | J55: N/A | K55: N/A | L55: N/A | M55: N/A | N55: N/A | O55: N/A | P55: N/A | Q55: N/A | R55: N/A | S55: N/A | T55: N/A | U55: N/A | V55: N/A | W55: N/A
B56: c | C56: Email | F56: N/A | G56: N/A | H56: N/A | I56: N/A | J56: N/A | K56: N/A | L56: N/A | M56: N/A | N56: N/A | O56: N/A | P56: N/A | Q56: N/A | R56: N/A | S56: N/A | T56: N/A | U56: N/A | V56: N/A | W56: N/A
B57: d | C57: Kotak Saran | F57: N/A | G57: N/A | H57: N/A | I57: N/A | J57: N/A | K57: N/A | L57: N/A | M57: N/A | N57: N/A | O57: N/A | P57: N/A | Q57: N/A | R57: N/A | S57: N/A | T57: N/A | U57: N/A | V57: N/A | W57: N/A
B58: e | C58: Live Chat | F58: N/A | G58: N/A | H58: N/A | I58: N/A | J58: N/A | K58: N/A | L58: N/A | M58: N/A | N58: N/A | O58: N/A | P58: N/A | Q58: N/A | R58: N/A | S58: N/A | T58: N/A | U58: N/A | V58: N/A | W58: N/A
B59: f | C59: SP4N Lapor! | F59: N/A | G59: N/A | H59: N/A | I59: N/A | J59: N/A | K59: N/A | L59: N/A | M59: N/A | N59: N/A | O59: N/A | P59: N/A | Q59: N/A | R59: N/A | S59: N/A | T59: N/A | U59: N/A | V59: N/A | W59: N/A
B60: g | C60: Whtasapp | F60: N/A | G60: N/A | H60: N/A | I60: N/A | J60: N/A | K60: N/A | L60: N/A | M60: N/A | N60: N/A | O60: N/A | P60: N/A | Q60: N/A | R60: N/A | S60: N/A | T60: N/A | U60: N/A | V60: N/A | W60: N/A
B61: h | C61: Instagram | F61: N/A | G61: N/A | H61: N/A | I61: N/A | J61: N/A | K61: N/A | L61: N/A | M61: N/A | N61: N/A | O61: N/A | P61: N/A | Q61: N/A | R61: N/A | S61: N/A | T61: N/A | U61: N/A | V61: N/A | W61: N/A
B62: i | C62: Twitter | F62: N/A | G62: N/A | H62: N/A | I62: N/A | J62: N/A | K62: N/A | L62: N/A | M62: N/A | N62: N/A | O62: N/A | P62: N/A | Q62: N/A | R62: N/A | S62: N/A | T62: N/A | U62: N/A | V62: N/A | W62: N/A
A64: 5 | B64: Jumlah Customer Resolution per SLA | E64: Kategorisasi SLA disesuaikan dengan SLA yang di terapkan di masing-masing member (Per Cabang / Line of Business)
C65: 1 hari | F65: 1 | G65: 1 | H65: 1 | I65: 1 | J65: 1 | K65: 1 | L65: 1 | M65: 1 | N65: 1 | O65: 1 | P65: 1 | Q65: 1 | R65: 1 | S65: 1 | T65: 1 | U65: 1 | V65: 1 | W65: 1
C66: 2 hari
C67: 3 hari
C68: Lainnya (silahkan ditambahkan)
A69: 6 | B69: Average Handling Time (Contact Center) | E69: Durasi rata-rata interaksi pelanggan & untuk daftar channel dapat di tambahkan sesuai dengan channel yang ada di member (Per Cabang / Line of Business)
C70: Voice (diisi jika ada)
C71: WA Chat (diisi jika ada)
C72: Live Chat (diisi jika ada)
C73: Social Media (diisi jika ada) | F73: 1 | G73: 1 | H73: 1 | I73: 1 | J73: 1 | K73: 1 | L73: 1 | M73: 1 | N73: 1 | O73: 1 | P73: 1 | Q73: 1 | R73: 1 | S73: 1 | T73: 1 | U73: 1 | V73: 1 | W73: 1
C74: Lainnya (email) | F74: 2 | G74: 2 | H74: 2 | I74: 2 | J74: 2 | K74: 2 | L74: 2 | M74: 2 | N74: 2 | O74: 2 | P74: 2 | Q74: 2 | R74: 2 | S74: 2 | T74: 2 | U74: 2 | V74: 2 | W74: 2

Sheet statistik The Mandalika
A1: No | B1: Item Data | E1: Keterangan Pengisian | F1: 45658 | G1: 45689 | H1: 45717 | I1: 45748 | J1: 45778 | K1: 45809 | L1: 45839 | M1: 45870 | N1: 45901 | O1: 45931 | P1: 45962 | Q1: 45992 | R1: 46023 | S1: 46054 | T1: 46082 | U1: 46113 | V1: Mei 2026 | W1: Juni 2026
A2: 1 | B2: Jumlah Pengunjung | E2: Data Total Pengunjung (Per Cabang / Line of Business) | F2: 110594 | G2: 72271 | H2: 65598 | I2: 116071 | J2: 106000 | K2: 113106 | L2: 129433 | M2: 127539 | N2: 118634 | O2: 242979 | P2: 90340 | Q2: 210872 | R2: 106130 | S2: 87998 | T2: 96225 | U2: 115524 | V2: 138429 | W2: 141536
A3: 2 | B3: Total Interaksi | E3: Total Interaksi (Per Cabang / Line of Business) | F3: =SUM(F4:F8) -> 0 | G3: =SUM(G4:G8) -> 0 | H3: =SUM(H4:H8) -> 0 | I3: =SUM(I4:I8) -> 0 | J3: =SUM(J5:J8) -> 8 | K3: =SUM(K4:K8) -> 8 | L3: =SUM(L4:L8) -> 16 | M3: =SUM(M4:M8) -> 12 | N3: =SUM(N4:N8) -> 10 | O3: =SUM(O4:O8) -> 18 | P3: =SUM(P4:P8) -> 0 | Q3: =SUM(Q4:Q8) -> 8 | R3: =SUM(R4:R8) -> 21 | ... W3: =SUM(W4:W8) -> 17
A4: 3 | B4: Jumlah interaksi per-kategory | E4: Total interaksi per kategori (kategori disesuaikan dengan yang ada di member)(Per Cabang / Line of Business)
C5: Permintaan Informasi | F5: 0 | G5: 0 | H5: 0 | I5: 0 | J5: 0 | K5: 0 | L5: 0 | M5: 0 | N5: 0 | O5: 0 | P5: 0 | Q5: 0 | R5: 7 | S5: 2 | T5: 2 | U5: 2 | V5: 4 | W5: 5
C6: Request | F6: 0 | G6: 0 | H6: 0 | I6: 0 | J6: 0 | K6: 0 | L6: 0 | M6: 0 | N6: 0 | O6: 0 | P6: 0 | Q6: 0 | R6: 0 | S6: 0 | T6: 0 | U6: 0 | V6: 0 | W6: 0
C7: Keluhan | F7: 0 | G7: 0 | H7: 0 | I7: 0 | J7: 4 | K7: 4 | L7: 8 | M7: 6 | N7: 5 | O7: 9 | P7: 0 | Q7: 4 | R7: 7 | S7: 6 | T7: 1 | U7: 15 | V7: 11 | W7: 6
C8: Apresiasi | F8: 0 | G8: 0 | H8: 0 | I8: 0 | J8: 4 | K8: 4 | L8: 8 | M8: 6 | N8: 5 | O8: 9 | P8: 0 | Q8: 4 | R8: 7 | S8: 6 | T8: 1 | U8: 15 | V8: 11 | W8: 6
A9: 4 | B9: Interaksi per channel
B10: a | C10: Telepon | D10: =C5 -> Permintaan Informasi | F10: 0 | G10: 0 | H10: 0 | I10: 0 | J10: 0 | K10: 0 | L10: 0 | M10: 0 | N10: 0 | O10: 0 | P10: 0 | Q10: 0 | R10: 7 | S10: 2 | T10: 0 | U10: 0 | V10: 0 | W10: 0
D11: =C6 -> Request | F11: 0 | G11: 0 | H11: 0 | I11: 0 | J11: 0 | K11: 0 | L11: 0 | M11: 0 | N11: 0 | O11: 0 | P11: 0 | Q11: 0 | R11: 0 | S11: 0 | T11: 0 | U11: 0 | V11: 0 | W11: 0
D12: =C7 -> Keluhan | F12: 0 | G12: 0 | H12: 0 | I12: 0 | J12: 0 | K12: 0 | L12: 0 | M12: 0 | N12: 0 | O12: 0 | P12: 0 | Q12: 0 | R12: 0 | S12: 0 | T12: 0 | U12: 0 | V12: 0 | W12: 0
D13: =C8 -> Apresiasi | F13: 0 | G13: 0 | H13: 0 | I13: 0 | J13: 0 | K13: 0 | L13: 0 | M13: 0 | N13: 0 | O13: 0 | P13: 0 | Q13: 0 | R13: 0 | S13: 0 | T13: 0 | U13: 0 | V13: 0 | W13: 0
B14: b | C14: Customer Sevice/tatap muka | D14: =C5 -> Permintaan Informasi | F14: 0 | G14: 0 | H14: 0 | I14: 0 | J14: 0 | K14: 0 | L14: 0 | M14: 0 | N14: 0 | O14: 0 | P14: 0 | Q14: 0 | R14: 0 | S14: 0 | T14: 0 | U14: 0 | V14: 0 | W14: 0
D15: Permintaan/Reservasi/Product Inquiry | F15: 0 | G15: 0 | H15: 0 | I15: 0 | J15: 0 | K15: 0 | L15: 0 | M15: 0 | N15: 0 | O15: 0 | P15: 0 | Q15: 0 | R15: 0 | S15: 0 | T15: 0 | U15: 0 | V15: 0 | W15: 0
D16: =C7 -> Keluhan | F16: 0 | G16: 0 | H16: 0 | I16: 0 | J16: 0 | K16: 0 | L16: 0 | M16: 0 | N16: 0 | O16: 0 | P16: 0 | Q16: 0 | R16: 0 | S16: 4 | T16: 0 | U16: 10 | V16: 5 | W16: 1
D17: =C8 -> Apresiasi | F17: 0 | G17: 0 | H17: 0 | I17: 0 | J17: 0 | K17: 0 | L17: 0 | M17: 0 | N17: 0 | O17: 0 | P17: 0 | Q17: 0 | R17: 0 | S17: 0 | T17: 0 | U17: 0 | V17: 0 | W17: 0
B18: c | C18: Email | D18: =C5 -> Permintaan Informasi | F18: 0 | G18: 0 | H18: 0 | I18: 0 | J18: 0 | K18: 0 | L18: 0 | M18: 0 | N18: 0 | O18: 0 | P18: 0 | Q18: 0 | R18: 0 | S18: 0 | T18: 0 | U18: 0 | V18: 0 | W18: 0
D19: =C6 -> Request | F19: 0 | G19: 0 | H19: 0 | I19: 0 | J19: 0 | K19: 0 | L19: 0 | M19: 0 | N19: 0 | O19: 0 | P19: 0 | Q19: 0 | R19: 0 | S19: 0 | T19: 0 | U19: 0 | V19: 0 | W19: 0
D20: =C7 -> Keluhan | F20: 0 | G20: 0 | H20: 0 | I20: 0 | J20: 0 | K20: 0 | L20: 0 | M20: 0 | N20: 0 | O20: 0 | P20: 0 | Q20: 0 | R20: 0 | S20: 0 | T20: 0 | U20: 0 | V20: 0 | W20: 0
D21: =C8 -> Apresiasi | F21: 0 | G21: 0 | H21: 0 | I21: 0 | J21: 0 | K21: 0 | L21: 0 | M21: 0 | N21: 0 | O21: 0 | P21: 0 | Q21: 0 | R21: 0 | S21: 0 | T21: 0 | U21: 0 | V21: 0 | W21: 0
B22: d | C22: Kotak Saran | D22: =D10 -> Permintaan Informasi | F22: 0 | G22: 0 | H22: 0 | I22: 0 | J22: 0 | K22: 0 | L22: 0 | M22: 0 | N22: 0 | O22: 0 | P22: 0 | Q22: 0 | R22: 0 | S22: 0 | T22: 0 | U22: 0 | V22: 0 | W22: 0
D23: =D11 -> Request | F23: 0 | G23: 0 | H23: 0 | I23: 0 | J23: 0 | K23: 0 | L23: 0 | M23: 0 | N23: 0 | O23: 0 | P23: 0 | Q23: 0 | R23: 0 | S23: 0 | T23: 0 | U23: 0 | V23: 0 | W23: 0
D24: =D12 -> Keluhan | F24: 0 | G24: 0 | H24: 0 | I24: 0 | J24: 0 | K24: 0 | L24: 0 | M24: 0 | N24: 0 | O24: 0 | P24: 0 | Q24: 0 | R24: 0 | S24: 0 | T24: 0 | U24: 0 | V24: 0 | W24: 0
D25: =D13 -> Apresiasi | F25: 0 | G25: 0 | H25: 0 | I25: 0 | J25: 0 | K25: 0 | L25: 0 | M25: 0 | N25: 0 | O25: 0 | P25: 0 | Q25: 0 | R25: 0 | S25: 0 | T25: 0 | U25: 0 | V25: 0 | W25: 0
B26: e | C26: Live Chat | D26: =D10 -> Permintaan Informasi | F26: 0 | G26: 0 | H26: 0 | I26: 0 | J26: 0 | K26: 0 | L26: 0 | M26: 0 | N26: 0 | O26: 0 | P26: 0 | Q26: 0 | R26: 0 | S26: 0 | T26: 0 | U26: 0 | V26: 0 | W26: 0
D27: =D11 -> Request | F27: 0 | G27: 0 | H27: 0 | I27: 0 | J27: 0 | K27: 0 | L27: 0 | M27: 0 | N27: 0 | O27: 0 | P27: 0 | Q27: 0 | R27: 0 | S27: 0 | T27: 0 | U27: 0 | V27: 0 | W27: 0
D28: =D12 -> Keluhan | F28: 0 | G28: 0 | H28: 0 | I28: 0 | J28: 0 | K28: 0 | L28: 0 | M28: 0 | N28: 0 | O28: 0 | P28: 0 | Q28: 0 | R28: 0 | S28: 0 | T28: 0 | U28: 0 | V28: 0 | W28: 0
D29: =D13 -> Apresiasi | F29: 0 | G29: 0 | H29: 0 | I29: 0 | J29: 0 | K29: 0 | L29: 0 | M29: 0 | N29: 0 | O29: 0 | P29: 0 | Q29: 0 | R29: 0 | S29: 0 | T29: 0 | U29: 0 | V29: 0 | W29: 0
B30: f | C30: SP4N Lapor! | D30: =D26 -> Permintaan Informasi | F30: 0 | G30: 0 | H30: 0 | I30: 0 | J30: 0 | K30: 0 | L30: 0 | M30: 0 | N30: 0 | O30: 0 | P30: 0 | Q30: 0 | R30: 0 | S30: 0 | T30: 0 | U30: 0 | V30: 0 | W30: 0
D31: =D27 -> Request | F31: 0 | G31: 0 | H31: 0 | I31: 0 | J31: 0 | K31: 0 | L31: 0 | M31: 0 | N31: 0 | O31: 0 | P31: 0 | Q31: 0 | R31: 0 | S31: 0 | T31: 0 | U31: 0 | V31: 0 | W31: 0
D32: =D28 -> Keluhan | F32: 0 | G32: 0 | H32: 0 | I32: 0 | J32: 0 | K32: 0 | L32: 0 | M32: 0 | N32: 0 | O32: 0 | P32: 0 | Q32: 0 | R32: 0 | S32: 0 | T32: 0 | U32: 0 | V32: 0 | W32: 0
D33: Apresiasi | F33: 0 | G33: 0 | H33: 0 | I33: 0 | J33: 0 | K33: 0 | L33: 0 | M33: 0 | N33: 0 | O33: 0 | P33: 0 | Q33: 0 | R33: 0 | S33: 0 | T33: 0 | U33: 0 | V33: 0 | W33: 0
B34: g | C34: Whtasapp | D34: =D30 -> Permintaan Informasi | F34: 0 | G34: 0 | H34: 0 | I34: 0 | J34: 0 | K34: 0 | L34: 0 | M34: 0 | N34: 0 | O34: 0 | P34: 0 | Q34: 0 | R34: 7 | S34: 2 | T34: 0 | U34: 2 | V34: 4 | W34: 5
D35: =D31 -> Request | F35: 0 | G35: 0 | H35: 0 | I35: 0 | J35: 0 | K35: 0 | L35: 0 | M35: 0 | N35: 0 | O35: 0 | P35: 0 | Q35: 0 | R35: 0 | S35: 0 | T35: 0 | U35: 0 | V35: 0 | W35: 0
D36: =D32 -> Keluhan | F36: 0 | G36: 0 | H36: 0 | I36: 0 | J36: 4 | K36: 4 | L36: 8 | M36: 6 | N36: 5 | O36: 9 | P36: 0 | Q36: 4 | R36: 7 | S36: 2 | T36: 1 | U36: 5 | V36: 6 | W36: 3
D37: =D33 -> Apresiasi | F37: 0 | G37: 0 | H37: 0 | I37: 0 | J37: 4 | K37: 4 | L37: 8 | M37: 6 | N37: 5 | O37: 9 | P37: 0 | Q37: 4 | R37: 7 | S37: 6 | T37: 1 | U37: 15 | V37: 11 | W37: 6
B38: h | C38: Instagram | D38: =D34 -> Permintaan Informasi | F38: 0 | G38: 0 | H38: 0 | I38: 0 | J38: 0 | K38: 0 | L38: 0 | M38: 0 | N38: 0 | O38: 0 | P38: 0 | Q38: 0 | R38: 0 | S38: 0 | T38: 0 | U38: 0 | V38: 0 | W38: 0
D39: =D35 -> Request | F39: 0 | G39: 0 | H39: 0 | I39: 0 | J39: 0 | K39: 0 | L39: 0 | M39: 0 | N39: 0 | O39: 0 | P39: 0 | Q39: 0 | R39: 0 | S39: 0 | T39: 0 | U39: 0 | V39: 0 | W39: 0
D40: =D36 -> Keluhan | F40: 0 | G40: 0 | H40: 0 | I40: 0 | J40: 0 | K40: 0 | L40: 0 | M40: 0 | N40: 0 | O40: 0 | P40: 0 | Q40: 0 | R40: 0 | S40: 0 | T40: 0 | U40: 0 | V40: 0 | W40: 2
D41: =D37 -> Apresiasi | F41: 0 | G41: 0 | H41: 0 | I41: 0 | J41: 0 | K41: 0 | L41: 0 | M41: 0 | N41: 0 | O41: 0 | P41: 0 | Q41: 0 | R41: 0 | S41: 0 | T41: 0 | U41: 0 | V41: 0 | W41: 0
B42: i | C42: Twitter | D42: =D38 -> Permintaan Informasi | F42: 0 | G42: 0 | H42: 0 | I42: 0 | J42: 0 | K42: 0 | L42: 0 | M42: 0 | N42: 0 | O42: 0 | P42: 0 | Q42: 0 | R42: 0 | S42: 0 | T42: 0 | U42: 0 | V42: 0 | W42: 0
D43: =D39 -> Request | F43: 0 | G43: 0 | H43: 0 | I43: 0 | J43: 0 | K43: 0 | L43: 0 | M43: 0 | N43: 0 | O43: 0 | P43: 0 | Q43: 0 | R43: 0 | S43: 0 | T43: 0 | U43: 0 | V43: 0 | W43: 0
D44: =D40 -> Keluhan | F44: 0 | G44: 0 | H44: 0 | I44: 0 | J44: 0 | K44: 0 | L44: 0 | M44: 0 | N44: 0 | O44: 0 | P44: 0 | Q44: 0 | R44: 0 | S44: 0 | T44: 0 | U44: 0 | V44: 0 | W44: 0
D45: Apresiasi | F45: 0 | G45: 0 | H45: 0 | I45: 0 | J45: 0 | K45: 0 | L45: 0 | M45: 0 | N45: 0 | O45: 0 | P45: 0 | Q45: 0 | R45: 0 | S45: 0 | T45: 0 | U45: 0 | V45: 0 | W45: 0
A46: 5 | B46: Jumlah Customer Resolution per Service Level Agreement (SLA) | E46: Kategorisasi SLA disesuaikan dengan SLA yang di terapkan di masing-masing member (Per Cabang / Line of Business)
B47: a | C47: FCR (Frist Contact Resolution) | E47: Jumlah kasus yang selesai pada kontak pertama/Total Kasus yang Diterima x 100%
B48: b | C48: < 1 hari | F48: 0 | G48: 0 | H48: 0 | I48: 0 | J48: 1 | K48: 1 | L48: 1 | M48: 1 | N48: 1 | O48: 1 | P48: 1 | Q48: 1 | R48: 1 | S48: 1 | T48: 1 | U48: 1 | V48: 1 | W48: 1
B49: c | C49: < 7 hari | F49: 0 | G49: 0 | H49: 0 | I49: 0 | J49: 0 | K49: 0 | L49: 0 | M49: 0 | N49: 0 | O49: 0 | P49: 0 | Q49: 0 | R49: 0 | S49: 0 | T49: 0 | U49: 0 | V49: 0 | W49: 0
B50: d | C50: > 30 hari | F50: 0 | G50: 0 | H50: 0 | I50: 0 | J50: 0 | K50: 0 | L50: 0 | M50: 0 | N50: 0 | O50: 0 | P50: 0 | Q50: 0 | R50: 0 | S50: 0 | T50: 0 | U50: 0 | V50: 0 | W50: 0
B51: e | C51: Lainnya (silahkan ditambahkan) | F51: 0 | G51: 0 | H51: 0 | I51: 0 | J51: 0 | K51: 0 | L51: 0 | M51: 0 | N51: 0 | O51: 0 | P51: 0 | Q51: 0 | R51: 0 | S51: 0 | T51: 0 | U51: 0 | V51: 0 | W51: 0
A52: 6 | B52: Average Handling Time (Call/Contact Center) | E52: (Total Talk Time+Total Hold Time+Total ACW)/Jumlah Interaksi yang Ditangani
B53: a | C53: Telepon | E53: Untuk daftar channel dapat di tambahkan sesuai dengan channel yang ada di member (Per Cabang / Line of Business) | F53: N/A | G53: N/A | H53: N/A | I53: N/A | J53: N/A | K53: N/A | L53: N/A | M53: N/A | N53: N/A | O53: N/A | P53: N/A | Q53: N/A | R53: N/A | S53: N/A | T53: N/A | U53: N/A | V53: N/A | W53: N/A
B54: b | C54: Customer Sevice/tatap muka | F54: N/A | G54: N/A | H54: N/A | I54: N/A | J54: N/A | K54: N/A | L54: N/A | M54: N/A | N54: N/A | O54: N/A | P54: N/A | Q54: N/A | R54: N/A | S54: N/A | T54: N/A | U54: N/A | V54: N/A | W54: N/A
B55: c | C55: Email | F55: N/A | G55: N/A | H55: N/A | I55: N/A | J55: N/A | K55: N/A | L55: N/A | M55: N/A | N55: N/A | O55: N/A | P55: N/A | Q55: N/A | R55: N/A | S55: N/A | T55: N/A | U55: N/A | V55: N/A | W55: N/A
B56: d | C56: Kotak Saran | F56: N/A | G56: N/A | H56: N/A | I56: N/A | J56: N/A | K56: N/A | L56: N/A | M56: N/A | N56: N/A | O56: N/A | P56: N/A | Q56: N/A | R56: N/A | S56: N/A | T56: N/A | U56: N/A | V56: N/A | W56: N/A
B57: e | C57: Live Chat | F57: N/A | G57: N/A | H57: N/A | I57: N/A | J57: N/A | K57: N/A | L57: N/A | M57: N/A | N57: N/A | O57: N/A | P57: N/A | Q57: N/A | R57: N/A | S57: N/A | T57: N/A | U57: N/A | V57: N/A | W57: N/A | X57: belum memuliki contact center
B58: f | C58: SP4N Lapor! | F58: N/A | G58: N/A | H58: N/A | I58: N/A | J58: N/A | K58: N/A | L58: N/A | M58: N/A | N58: N/A | O58: N/A | P58: N/A | Q58: N/A | R58: N/A | S58: N/A | T58: N/A | U58: N/A | V58: N/A | W58: N/A
B59: g | C59: Whtasapp | F59: N/A | G59: N/A | H59: N/A | I59: N/A | J59: N/A | K59: N/A | L59: N/A | M59: N/A | N59: N/A | O59: N/A | P59: N/A | Q59: N/A | R59: N/A | S59: N/A | T59: N/A | U59: N/A | V59: N/A | W59: N/A
B60: h | C60: Instagram | F60: N/A | G60: N/A | H60: N/A | I60: N/A | J60: N/A | K60: N/A | L60: N/A | M60: N/A | N60: N/A | O60: N/A | P60: N/A | Q60: N/A | R60: N/A | S60: N/A | T60: N/A | U60: N/A | V60: N/A | W60: N/A
B61: i | C61: Twitter | F61: N/A | G61: N/A | H61: N/A | I61: N/A | J61: N/A | K61: N/A | L61: N/A | M61: N/A | N61: N/A | O61: N/A | P61: N/A | Q61: N/A | R61: N/A | S61: N/A | T61: N/A | U61: N/A | V61: N/A | W61: N/A
A63: 5 | B63: Jumlah Customer Resolution per SLA | E63: Kategorisasi SLA disesuaikan dengan SLA yang di terapkan di masing-masing member (Per Cabang / Line of Business)
C64: 1 hari | F64: 0 | G64: 0 | H64: 0 | I64: 0 | J64: 1 | K64: 1 | L64: 1 | M64: 1 | N64: 1 | O64: 1 | P64: 1 | Q64: 1 | R64: 1 | S64: 1 | T64: 1 | U64: 1 | V64: 1 | W64: 1
C65: 2 hari | F65: 0 | G65: 0 | H65: 0 | I65: 0 | J65: 0 | K65: 0 | L65: 0 | M65: 0 | N65: 0 | O65: 0 | P65: 0 | Q65: 0 | R65: 0 | S65: 0 | T65: 0 | U65: 0 | V65: 0 | W65: 0
C66: 3 hari | F66: 0 | G66: 0 | H66: 0 | I66: 0 | J66: 0 | K66: 0 | L66: 0 | M66: 0 | N66: 0 | O66: 0 | P66: 0 | Q66: 0 | R66: 0 | S66: 0 | T66: 0 | U66: 0 | V66: 0 | W66: 0
C67: Lainnya (silahkan ditambahkan)
A68: 6 | B68: Average Handling Time (Contact Center) | E68: Durasi rata-rata interaksi pelanggan & untuk daftar channel dapat di tambahkan sesuai dengan channel yang ada di member (Per Cabang / Line of Business) | F68: N/A | G68: N/A | H68: N/A | I68: N/A | J68: N/A | K68: N/A | L68: N/A | M68: N/A | N68: N/A | O68: N/A | P68: N/A | Q68: N/A | R68: N/A | S68: N/A | T68: N/A | U68: N/A | V68: N/A | W68: N/A
C69: Voice (diisi jika ada) | F69: N/A | G69: N/A | H69: N/A | I69: N/A | J69: N/A | K69: N/A | L69: N/A | M69: N/A | N69: N/A | O69: N/A | P69: N/A | Q69: N/A | R69: N/A | S69: N/A | T69: N/A | U69: N/A | V69: N/A | W69: N/A
C70: WA Chat (diisi jika ada) | F70: N/A | G70: N/A | H70: N/A | I70: N/A | J70: N/A | K70: N/A | L70: N/A | M70: N/A | N70: N/A | O70: N/A | P70: N/A | Q70: N/A | R70: N/A | S70: N/A | T70: N/A | U70: N/A | V70: N/A | W70: N/A
C71: Live Chat (diisi jika ada) | F71: Kami belum memiliki live chat
C72: Social Media (diisi jika ada) | F72: - | G72: - | H72: - | I72: - | J72: - | K72: - | L72: - | M72: - | N72: - | O72: - | P72: - | Q72: - | R72: - | S72: - | T72: - | U72: - | V72: - | W72: -
C73: Lainnya (silahkan ditambahkan) | F73: - | G73: - | H73: - | I73: - | J73: 4 | K73: 4 | L73: 8 | M73: 6 | N73: 5 | O73: 9 | P73: - | Q73: 4 | R73: 1 | S73: 2 | T73: 2 | U73: 2
F86: 0

Sheet statistik The Golo Mori
A1: 2 | B1: Item Data | E1: Keterangan Pengisian | F1: 45658 | G1: 45689 | H1: 45717 | I1: 45748 | J1: 45778 | K1: 45809 | L1: 45839 | M1: 45870 | N1: 45901 | O1: 45931 | P1: 45962 | Q1: 45992 | R1: 46023 | S1: 46054 | T1: 46082 | U1: 46113 | V1: Mei 2026 | W1: Juni 2026
A2: 1 | B2: Jumlah Pengunjung | E2: Data Total Pengunjung (Per Cabang/Line of Business) | F2: 2107 | G2: 1115 | H2: 1797 | I2: 2344 | J2: 2579 | K2: 2788 | L2: 2709 | M2: 2203 | N2: 4047 | O2: 2502 | P2: 1725 | Q2: 2489 | R2: 3799 | S2: 1027 | T2: 1724 | U2: 1713 | V2: 1952 | W2: 3395
A3: 2 | B3: Total Interaksi | E3: Total Interaksi (Per Cabang/Line of Business) | F3: =SUM(F5:F8) -> 2 | G3: =SUM(G5:G8) -> 6 | H3: =SUM(H5:H8) -> 0 | I3: =SUM(I5:I8) -> 1 | J3: =SUM(J5:J8) -> 2 | K3: =SUM(K5:K8) -> 0 | L3: =SUM(L5:L8) -> 2 | M3: =SUM(M5:M8) -> 3 | ... W3: =SUM(W5:W8) -> 12
A4: 3 | B4: Jumlah interaksi per-kategori | E4: Total interaksi per kategori (kategori disesuaikan dengan yang ada di member)(Per Cabang/Line of Business)
C5: Permintaan Informasi | F5: 0 | G5: 2 | H5: 0 | I5: 0 | J5: 0 | K5: 0 | L5: 1 | M5: 1 | N5: 0 | O5: 0 | P5: 1 | Q5: 0 | R5: 0 | S5: 0 | T5: 0 | U5: 0 | V5: 0 | W5: 0
C6: Request | F6: 1 | G6: 2 | H6: 0 | I6: 0 | J6: 1 | K6: 0 | L6: 0 | M6: 1 | N6: 0 | O6: 2 | P6: 9 | Q6: 2 | R6: 0 | S6: 0 | T6: 0 | U6: 0 | V6: 0 | W6: 0
C7: Keluhan | F7: 0 | G7: 0 | H7: 0 | I7: 1 | J7: 0 | K7: 0 | L7: 1 | M7: 0 | N7: 0 | O7: 1 | P7: 0 | Q7: 0 | R7: 1 | S7: 0 | T7: 0 | U7: 0 | V7: 1 | W7: 1
C8: Apresiasi | F8: 1 | G8: 2 | H8: 0 | I8: 0 | J8: 1 | K8: 0 | L8: 0 | M8: 1 | N8: 0 | O8: 2 | P8: 10 | Q8: 2 | R8: 4 | S8: 3 | T8: 1 | U8: 8 | V8: 4 | W8: 11
A9: 4 | B9: Interaksi per channel
B10: a | C10: Telepon | D10: =C5 -> Permintaan Informasi | F10: 0 | G10: 0 | H10: 0 | I10: 0 | J10: 0 | K10: 0 | L10: 0 | M10: 0 | N10: 0 | O10: 0 | P10: 0 | Q10: 0 | R10: 0 | S10: 0 | T10: 0 | U10: 0 | V10: 0 | W10: 0
D11: =C6 -> Request | F11: 0 | G11: 0 | H11: 0 | I11: 0 | J11: 0 | K11: 0 | L11: 0 | M11: 0 | N11: 0 | O11: 0 | P11: 0 | Q11: 0 | R11: 0 | S11: 0 | T11: 0 | U11: 0 | V11: 0 | W11: 0
D12: =C7 -> Keluhan | F12: 0 | G12: 0 | H12: 0 | I12: 0 | J12: 0 | K12: 0 | L12: 0 | M12: 0 | N12: 0 | O12: 0 | P12: 0 | Q12: 0 | R12: 0 | S12: 0 | T12: 0 | U12: 0 | V12: 0 | W12: 0
D13: =C8 -> Apresiasi | F13: 0 | G13: 0 | H13: 0 | I13: 0 | J13: 0 | K13: 0 | L13: 0 | M13: 0 | N13: 0 | O13: 0 | P13: 0 | Q13: 0 | R13: 0 | S13: 0 | T13: 0 | U13: 0 | V13: 0 | W13: 0
B14: b | C14: Customer Sevice/tatap muka | D14: =C5 -> Permintaan Informasi | F14: 0 | G14: 0 | H14: 0 | I14: 0 | J14: 0 | K14: 0 | L14: 0 | M14: 0 | N14: 0 | O14: 0 | P14: 0 | Q14: 0 | R14: 0 | S14: 0 | T14: 0 | U14: 0 | V14: 0 | W14: 0
D15: Permintaan/Reservasi/Product Inquiry | F15: 0 | G15: 0 | H15: 0 | I15: 0 | J15: 0 | K15: 0 | L15: 0 | M15: 0 | N15: 0 | O15: 0 | P15: 0 | Q15: 0 | R15: 0 | S15: 0 | T15: 0 | U15: 0 | V15: 0 | W15: 0
D16: =C7 -> Keluhan | F16: 0 | G16: 0 | H16: 0 | I16: 0 | J16: 3 | K16: 0 | L16: 0 | M16: 1 | N16: 0 | O16: 0 | P16: 1 | Q16: 0 | R16: 1 | S16: 0 | T16: 0 | U16: 0 | V16: 0 | W16: 0
D17: =C8 -> Apresiasi | F17: 0 | G17: 0 | H17: 0 | I17: 0 | J17: 0 | K17: 0 | L17: 0 | M17: 0 | N17: 0 | O17: 0 | P17: 0 | Q17: 0 | R17: 0 | S17: 0 | T17: 0 | U17: 0 | V17: 0 | W17: 0
B18: c | C18: Email | D18: =C5 -> Permintaan Informasi | F18: 0 | G18: 0 | H18: 0 | I18: 0 | J18: 0 | K18: 0 | L18: 0 | M18: 0 | N18: 0 | O18: 0 | P18: 0 | Q18: 0 | R18: 0 | S18: 0 | T18: 0 | U18: 0 | V18: 0 | W18: 0
D19: =C6 -> Request | F19: 0 | G19: 0 | H19: 0 | I19: 0 | J19: 0 | K19: 0 | L19: 0 | M19: 0 | N19: 0 | O19: 0 | P19: 0 | Q19: 0 | R19: 0 | S19: 0 | T19: 0 | U19: 0 | V19: 0 | W19: 0
D20: =C7 -> Keluhan | F20: 0 | G20: 0 | H20: 0 | I20: 0 | J20: 0 | K20: 0 | L20: 0 | M20: 0 | N20: 0 | O20: 0 | P20: 0 | Q20: 0 | R20: 0 | S20: 0 | T20: 0 | U20: 0 | V20: 0 | W20: 0
D21: =C8 -> Apresiasi | F21: 0 | G21: 0 | H21: 0 | I21: 0 | J21: 0 | K21: 0 | L21: 0 | M21: 0 | N21: 0 | O21: 0 | P21: 0 | Q21: 0 | R21: 0 | S21: 0 | T21: 0 | U21: 0 | V21: 0 | W21: 0
B22: d | C22: Kotak Saran | D22: =D10 -> Permintaan Informasi | F22: 0 | G22: 0 | H22: 0 | I22: 0 | J22: 0 | K22: 0 | L22: 0 | M22: 0 | N22: 0 | O22: 0 | P22: 0 | Q22: 0 | R22: 0 | S22: 0 | T22: 0 | U22: 0 | V22: 0 | W22: 0
D23: =D11 -> Request | F23: 0 | G23: 0 | H23: 0 | I23: 0 | J23: 0 | K23: 0 | L23: 0 | M23: 0 | N23: 0 | O23: 0 | P23: 0 | Q23: 0 | R23: 0 | S23: 0 | T23: 0 | U23: 0 | V23: 0 | W23: 0
D24: =D12 -> Keluhan | F24: 0 | G24: 0 | H24: 0 | I24: 0 | J24: 0 | K24: 0 | L24: 0 | M24: 0 | N24: 0 | O24: 0 | P24: 0 | Q24: 0 | R24: 0 | S24: 0 | T24: 0 | U24: 0 | V24: 0 | W24: 0
D25: =D13 -> Apresiasi | F25: 0 | G25: 0 | H25: 0 | I25: 0 | J25: 0 | K25: 0 | L25: 0 | M25: 0 | N25: 0 | O25: 0 | P25: 0 | Q25: 0 | R25: 0 | S25: 0 | T25: 0 | U25: 0 | V25: 0 | W25: 0
B26: e | C26: Live Chat | D26: =D10 -> Permintaan Informasi | F26: 0 | G26: 0 | H26: 0 | I26: 0 | J26: 0 | K26: 0 | L26: 0 | M26: 0 | N26: 0 | O26: 0 | P26: 0 | Q26: 0 | R26: 0 | S26: 0 | T26: 0 | U26: 0 | V26: 0 | W26: 0
D27: =D11 -> Request | F27: 0 | G27: 0 | H27: 0 | I27: 0 | J27: 0 | K27: 0 | L27: 0 | M27: 0 | N27: 0 | O27: 0 | P27: 0 | Q27: 0 | R27: 0 | S27: 0 | T27: 0 | U27: 0 | V27: 0 | W27: 0
D28: =D12 -> Keluhan | F28: 0 | G28: 0 | H28: 0 | I28: 0 | J28: 0 | K28: 0 | L28: 0 | M28: 0 | N28: 0 | O28: 0 | P28: 0 | Q28: 0 | R28: 0 | S28: 0 | T28: 0 | U28: 0 | V28: 0 | W28: 0
D29: =D13 -> Apresiasi | F29: 0 | G29: 0 | H29: 0 | I29: 0 | J29: 0 | K29: 0 | L29: 0 | M29: 0 | N29: 0 | O29: 0 | P29: 0 | Q29: 0 | R29: 0 | S29: 0 | T29: 0 | U29: 0 | V29: 0 | W29: 0
B30: f | C30: SP4N Lapor! | D30: =D26 -> Permintaan Informasi | F30: 0 | G30: 0 | H30: 0 | I30: 0 | J30: 0 | K30: 0 | L30: 0 | M30: 0 | N30: 0 | O30: 0 | P30: 0 | Q30: 0 | R30: 0 | S30: 0 | T30: 0 | U30: 0 | V30: 0 | W30: 0
D31: =D27 -> Request | F31: 0 | G31: 0 | H31: 0 | I31: 0 | J31: 0 | K31: 0 | L31: 0 | M31: 0 | N31: 0 | O31: 0 | P31: 0 | Q31: 0 | R31: 0 | S31: 0 | T31: 0 | U31: 0 | V31: 0 | W31: 0
D32: =D28 -> Keluhan | F32: 0 | G32: 0 | H32: 0 | I32: 0 | J32: 0 | K32: 0 | L32: 0 | M32: 0 | N32: 0 | O32: 0 | P32: 0 | Q32: 0 | R32: 0 | S32: 0 | T32: 0 | U32: 0 | V32: 0 | W32: 0
D33: Apresiasi | F33: 0 | G33: 0 | H33: 0 | I33: 0 | J33: 0 | K33: 0 | L33: 0 | M33: 0 | N33: 0 | O33: 0 | P33: 0 | Q33: 0 | R33: 0 | S33: 0 | T33: 0 | U33: 0 | V33: 0 | W33: 0
B34: g | C34: Whtasapp | D34: =D30 -> Permintaan Informasi | F34: 0 | G34: 0 | H34: 0 | I34: 0 | J34: 0 | K34: 0 | L34: 0 | M34: 0 | N34: 0 | O34: 0 | P34: 0 | Q34: 0 | R34: 0 | S34: 0 | T34: 0 | U34: 0 | V34: 0 | W34: 0
D35: =D31 -> Request | F35: 0 | G35: 0 | H35: 0 | I35: 0 | J35: 0 | K35: 0 | L35: 0 | M35: 0 | N35: 0 | O35: 0 | P35: 0 | Q35: 0 | R35: 0 | S35: 0 | T35: 0 | U35: 0 | V35: 0 | W35: 0
D36: =D32 -> Keluhan | F36: 0 | G36: 0 | H36: 0 | I36: 0 | J36: 0 | K36: 0 | L36: 0 | M36: 0 | N36: 0 | O36: 0 | P36: 0 | Q36: 0 | R36: 0 | S36: 0 | T36: 0 | U36: 0 | V36: 0 | W36: 0
D37: =D33 -> Apresiasi | F37: 0 | G37: 0 | H37: 0 | I37: 0 | J37: 0 | K37: 0 | L37: 0 | M37: 0 | N37: 0 | O37: 0 | P37: 0 | Q37: 0 | R37: 0 | S37: 0 | T37: 0 | U37: 0 | V37: 0 | W37: 0
B38: h | C38: Instagram | D38: =D34 -> Permintaan Informasi | F38: 2 | G38: 1 | H38: 3 | I38: 3 | J38: 2 | K38: 0 | L38: 11 | M38: 10 | N38: 3 | O38: 0 | P38: 1 | Q38: 0 | R38: 2 | S38: 2 | T38: 1 | U38: 5 | V38: 6 | W38: 5
D39: =D35 -> Request | F39: 0 | G39: 0 | H39: 0 | I39: 0 | J39: 0 | K39: 0 | L39: 0 | M39: 0 | N39: 0 | O39: 0 | P39: 0 | Q39: 0 | R39: 0 | S39: 0 | T39: 0 | U39: 0 | V39: 0 | W39: 0
D40: =D36 -> Keluhan | F40: 0 | G40: 0 | H40: 0 | I40: 1 | J40: 0 | K40: 0 | L40: 0 | M40: 0 | N40: 0 | O40: 0 | P40: 0 | Q40: 0 | R40: 0 | S40: 0 | T40: 0 | U40: 0 | V40: 0 | W40: 0
D41: =D37 -> Apresiasi | F41: 0 | G41: 0 | H41: 0 | I41: 0 | J41: 0 | K41: 0 | L41: 0 | M41: 0 | N41: 0 | O41: 0 | P41: 0 | Q41: 0 | R41: 0 | S41: 0 | U41: 1 | V41: 0 | W41: 0
B42: i | C42: Twitter | D42: =D38 -> Permintaan Informasi | F42: 0 | G42: 0 | H42: 0 | I42: 0 | J42: 0 | K42: 0 | L42: 0 | M42: 0 | N42: 0 | O42: 0 | P42: 0 | Q42: 0 | R42: 0 | S42: 0 | T42: 0 | U42: 0 | V42: 0 | W42: 0
D43: =D39 -> Request | F43: 0 | G43: 0 | H43: 0 | I43: 0 | J43: 0 | K43: 0 | L43: 0 | M43: 0 | N43: 0 | O43: 0 | P43: 0 | Q43: 0 | R43: 0 | S43: 0 | T43: 0 | U43: 0 | V43: 0 | W43: 0
D44: =D40 -> Keluhan | F44: 0 | G44: 0 | H44: 0 | I44: 0 | J44: 0 | K44: 0 | L44: 0 | M44: 0 | N44: 0 | O44: 0 | P44: 0 | Q44: 0 | R44: 0 | S44: 0 | T44: 0 | U44: 0 | V44: 0 | W44: 0
D45: =D41 -> Apresiasi | F45: 0 | G45: 0 | H45: 0 | I45: 0 | J45: 0 | K45: 0 | L45: 0 | M45: 0 | N45: 0 | O45: 0 | P45: 0 | Q45: 0 | R45: 0 | S45: 0 | T45: 0 | U45: 0 | V45: 0 | W45: 0
B46: j | C46: Google Review | D46: =D42 -> Permintaan Informasi | F46: 0 | G46: 0 | H46: 0 | I46: 0 | J46: 0 | K46: 0 | L46: 0 | M46: 0 | N46: 0 | O46: 0 | P46: 0 | Q46: 0 | R46: 0 | S46: 0 | T46: 0 | U46: 0 | V46: 0 | W46: ='statistik The Nusa Dua'!W46+'statistik The Mandalika'!W45+'statistik The Golo Mori'!W50+'statistik MGPA'!W45+'statistik INU'!W45 -> 0
D47: =D43 -> Request | F47: 0 | G47: 0 | H47: 0 | I47: 0 | J47: 0 | K47: 0 | L47: 0 | M47: 0 | N47: 0 | O47: 0 | P47: 0 | Q47: 0 | R47: 0 | S47: 0 | T47: 0 | U47: 0 | V47: 0 | W47: 0
D48: =D44 -> Keluhan | F48: 0 | G48: 0 | H48: 0 | I48: 1 | J48: 0 | K48: 0 | L48: 1 | M48: 0 | N48: 0 | O48: 1 | P48: 0 | Q48: 0 | R48: 1 | S48: 0 | T48: 0 | U48: 0 | V48: 1 | W48: 1
D49: Apresiasi | F49: 1 | G49: 4 | H49: 0 | I49: 1 | J49: 1 | K49: 0 | L49: 2 | M49: 2 | N49: 0 | O49: 3 | P49: 10 | Q49: 2 | R49: 1 | S49: 0 | T49: 2 | U49: 2 | V49: 3 | W49: 6
B50: Jumlah Customer Resolution per Service Level Agreement (SLA) | E50: Kategorisasi SLA disesuaikan dengan SLA yang di terapkan di masing-masing member (Per Cabang / Line of Business)
B51: a | C51: FCR (Frist Contact Resolution) | E51: Jumlah kasus yang selesai pada kontak pertama/Total Kasus yang Diterima x 100% | F51: 0 | G51: 0 | H51: 0 | I51: 1 | J51: 0 | K51: 0 | L51: 1 | M51: 1 | N51: 0 | O51: 1 | P51: 0 | Q51: 0 | R51: 0 | S51: 0 | T51: 0 | U51: 0 | V51: 1 | W51: 1
B52: b | C52: < 1 hari | F52: 0 | G52: 0 | H52: 0 | I52: 0 | J52: 0 | K52: 0 | L52: 0 | M52: 0 | N52: 0 | O52: 0 | P52: 0 | Q52: 0 | R52: 0 | S52: 0 | T52: 0 | U52: 0 | V52: 0 | W52: 0
B53: c | C53: < 7 hari | F53: 0 | G53: 0 | H53: 0 | I53: 1 | J53: 0 | K53: 0 | L53: 2 | M53: 2 | N53: 0 | O53: 1 | P53: 0 | Q53: 0 | R53: 0 | S53: 0 | T53: 0 | U53: 0 | V53: 1 | W53: 1
B54: d | C54: > 30 hari | F54: 0 | G54: 0 | H54: 0 | I54: 0 | J54: 0 | K54: 0 | L54: 0 | M54: 0 | N54: 0 | O54: 0 | P54: 0 | Q54: 0 | R54: 0 | S54: 0 | T54: 0 | U54: 0 | V54: 0 | W54: 0
B55: e | C55: Lainnya (silahkan ditambahkan) | F55: 0 | G55: 0 | H55: 0 | I55: 0 | J55: 0 | K55: 0 | L55: 0 | M55: 0 | N55: 0 | O55: 0 | P55: 0 | Q55: 0 | R55: 0 | S55: 0 | T55: 0 | U55: 0 | V55: 0 | W55: 0
B56: Average Handling Time (Call/Contact Center) | E56: (Total Talk Time+Total Hold Time+Total ACW)/Jumlah Interaksi yang Ditangani
B57: a | C57: Telepon | E57: Untuk daftar channel dapat di tambahkan sesuai dengan channel yang ada di member (Per Cabang / Line of Business) | F57: N/A | G57: N/A | H57: N/A | I57: N/A | J57: N/A | K57: N/A | L57: N/A | M57: N/A | N57: N/A | O57: N/A | P57: N/A | Q57: N/A | R57: N/A | S57: N/A | T57: N/A | U57: N/A | V57: N/A | W57: N/A
B58: b | C58: Customer Sevice/tatap muka | F58: N/A | G58: N/A | H58: N/A | I58: N/A | J58: N/A | K58: N/A | L58: N/A | M58: N/A | N58: N/A | O58: N/A | P58: N/A | Q58: N/A | R58: N/A | S58: N/A | T58: N/A | U58: N/A | V58: N/A | W58: N/A
B59: c | C59: Email | F59: N/A | G59: N/A | H59: N/A | I59: N/A | J59: N/A | K59: N/A | L59: N/A | M59: N/A | N59: N/A | O59: N/A | P59: N/A | Q59: N/A | R59: N/A | S59: N/A | T59: N/A | U59: N/A | V59: N/A | W59: N/A
B60: d | C60: Kotak Saran | F60: N/A | G60: N/A | H60: N/A | I60: N/A | J60: N/A | K60: N/A | L60: N/A | M60: N/A | N60: N/A | O60: N/A | P60: N/A | Q60: N/A | R60: N/A | S60: N/A | T60: N/A | U60: N/A | V60: N/A | W60: N/A
B61: e | C61: Live Chat | F61: N/A | G61: N/A | H61: N/A | I61: N/A | J61: N/A | K61: N/A | L61: N/A | M61: N/A | N61: N/A | O61: N/A | P61: N/A | Q61: N/A | R61: N/A | S61: N/A | T61: N/A | U61: N/A | V61: N/A | W61: N/A
B62: f | C62: SP4N Lapor! | F62: N/A | G62: N/A | H62: N/A | I62: N/A | J62: N/A | K62: N/A | L62: N/A | M62: N/A | N62: N/A | O62: N/A | P62: N/A | Q62: N/A | R62: N/A | S62: N/A | T62: N/A | U62: N/A | V62: N/A | W62: N/A
B63: g | C63: Whtasapp | F63: N/A | G63: N/A | H63: N/A | I63: N/A | J63: N/A | K63: N/A | L63: N/A | M63: N/A | N63: N/A | O63: N/A | P63: N/A | Q63: N/A | R63: N/A | S63: N/A | T63: N/A | U63: N/A | V63: N/A | W63: N/A
B64: h | C64: Instagram | F64: N/A | G64: N/A | H64: N/A | I64: N/A | J64: N/A | K64: N/A | L64: N/A | M64: N/A | N64: N/A | O64: N/A | P64: N/A | Q64: N/A | R64: N/A | S64: N/A | T64: N/A | U64: N/A | V64: N/A | W64: N/A
B65: i | C65: Twitter | F65: N/A | G65: N/A | H65: N/A | I65: N/A | J65: N/A | K65: N/A | L65: N/A | M65: N/A | N65: N/A | O65: N/A | P65: N/A | Q65: N/A | R65: N/A | S65: N/A | T65: N/A | U65: N/A | V65: N/A | W65: N/A
D66: Apresiasi
A67: 4 | B67: Interaksi per channel | E67: ='statistik The Mandalika'!#REF! -> #REF! | F67: N/A
C68: Email | D68: Informasi | F68: 0 | G68: 0 | H68: 0 | I68: 0 | J68: 0 | K68: 0 | L68: 0 | M68: 0 | N68: 0 | O68: 0 | P68: 0 | Q68: 0 | R68: 0 | S68: 0 | T68: 0 | U68: 0 | V68: 0 | W68: 0
D69: Keluhan | F69: 0 | G69: 0 | H69: 0 | I69: 0 | J69: 0 | K69: 0 | L69: 0 | M69: 0 | N69: 0 | O69: 0 | P69: 0 | Q69: 0 | R69: 0 | S69: 0 | T69: 0 | U69: 0 | V69: 0 | W69: 0
C70: Voice | D70: Informasi | F70: 0 | G70: 0 | H70: 0 | I70: 0 | J70: 0 | K70: 0 | L70: 0 | M70: 0 | N70: 0 | O70: 0 | P70: 0 | Q70: 0 | R70: 0 | S70: 0 | T70: 0 | U70: 0 | V70: 0 | W70: 0
D71: Keluhan | F71: 0 | G71: 0 | H71: 0 | I71: 0 | J71: 0 | K71: 0 | L71: 0 | M71: 0 | N71: 0 | O71: 0 | P71: 0 | Q71: 0 | R71: 0 | S71: 0 | T71: 0 | U71: 0 | V71: 0 | W71: 0
C72: Whatsapp Chat | D72: Informasi | F72: 2 | G72: 0 | H72: 0 | I72: 0 | J72: 0 | K72: 0 | L72: 0 | M72: 0 | N72: 0 | O72: 0 | P72: 0 | Q72: 0 | R72: 0 | S72: 0 | T72: 0 | U72: 0 | V72: 0 | W72: 0
D73: Keluhan | F73: 0 | G73: 0 | H73: 0 | I73: 0 | J73: 0 | K73: 0 | L73: 0 | M73: 0 | N73: 0 | O73: 0 | P73: 0 | Q73: 0 | R73: 0 | S73: 0 | T73: 0 | U73: 0 | V73: 0 | W73: 0
C74: Customer Service | D74: Informasi | F74: Kami belum memiliki customer service
D75: Keluhan
C76: Google Review | D76: Informasi | F76: 1 | G76: 4 | H76: 0 | I76: 1 | J76: 1 | K76: 0 | L76: 2 | M76: 2 | N76: 0 | O76: 3 | P76: 10 | Q76: 2 | R76: 1 | S76: 0 | T76: 2 | U76: 2 | V76: 3 | W76: 6
D77: Keluhan | F77: 0 | G77: 0 | H77: 0 | I77: 0 | J77: 0 | K77: 0 | L77: 0 | M77: 0 | N77: 0 | O77: 0 | P77: 0 | Q77: 0 | R77: 1 | S77: 0 | T77: 0 | U77: 0 | V77: 1 | W77: 1
A78: 5 | B78: Jumlah Customer Resolution per SLA | E78: Kategorisasi SLA disesuaikan dengan SLA yang di terapkan di masing-masing member (Per Cabang/Line of Business)
C79: 1 hari | F79: 0 | G79: 0 | H79: 0 | I79: 1 | J79: 0 | K79: 0 | L79: 1 | M79: 0 | N79: 0 | O79: 1 | P79: 0 | Q79: 0 | R79: 0 | S79: 0 | T79: 0 | U79: 0 | V79: 0 | W79: 0
C80: 2 hari | F80: 0 | G80: 0 | H80: 0 | I80: 0 | J80: 0 | K80: 0 | L80: 0 | M80: 0 | N80: 0 | O80: 0 | P80: 0 | Q80: 0 | R80: 0 | S80: 0 | T80: 0 | U80: 0 | V80: 0 | W80: 0
C81: 3 hari | F81: 0 | G81: 0 | H81: 0 | I81: 0 | J81: 0 | K81: 0 | L81: 0 | M81: 0 | N81: 0 | O81: 0 | P81: 0 | Q81: 0 | R81: 0 | S81: 0 | T81: 0 | U81: 0 | V81: 0 | W81: 0
C82: Lainnya (silahkan ditambahkan) | F82: 0 | G82: 0 | H82: 0 | I82: 0 | J82: 0 | K82: 0 | L82: 0 | M82: 0 | N82: 0 | O82: 0 | P82: 0 | Q82: 0 | R82: 0 | S82: 0 | T82: 0 | U82: 0 | V82: 0 | W82: 0
A83: 6 | B83: Average Handling Time (Contact Center) | E83: Durasi rata-rata interaksi pelanggan & untuk daftar channel dapat di tambahkan sesuai dengan channel yang ada di member (Per Cabang/Line of Business)
C84: Voice (diisi jika ada) | F84: N/A | G84: N/A | H84: N/A | I84: N/A | J84: N/A | K84: N/A | L84: N/A | M84: N/A | N84: N/A | O84: N/A | P84: N/A | Q84: N/A | R84: N/A | S84: N/A | T84: N/A | U84: N/A | V84: N/A | W84: N/A
C85: WA Chat (diisi jika ada) | F85: N/A | G85: N/A | H85: N/A | I85: N/A | J85: N/A | K85: N/A | L85: N/A | M85: 1 hari | N85: N/A | O85: N/A | P85: N/A | Q85: N/A | R85: N/A | S85: N/A | T85: N/A | U85: N/A | V85: N/A | W85: N/A
C86: Live Chat (diisi jika ada) | F86: N/A | G86: N/A | H86: N/A | I86: N/A | J86: N/A | K86: N/A | L86: N/A | M86: N/A | N86: N/A | O86: N/A | P86: N/A | Q86: N/A | R86: N/A | S86: N/A | T86: N/A | U86: N/A | V86: N/A | W86: N/A
C87: Social Media (diisi jika ada) | F87: N/A | G87: N/A | H87: N/A | I87: 1 hari | J87: N/A | K87: N/A | L87: 1 hari | M87: N/A | N87: N/A | O87: 1 hari | P87: N/A | Q87: N/A | R87: N/A | S87: N/A | T87: N/A | U87: N/A | V87: 1 hari | W87: 1 hari
C88: Lainnya (silahkan ditambahkan) | F88: N/A | G88: N/A | H88: N/A | I88: 1 hari | J88: N/A | K88: N/A | L88: 1 hari | M88: N/A | N88: N/A | O88: 1 hari | P88: N/A | Q88: N/A | R88: N/A | S88: N/A | T88: N/A | U88: N/A | V88: N/A | W88: N/A

Sheet statistik MGPA
A1: No | B1: Item Data | E1: Keterangan Pengisian | F1: 45658 | G1: 45689 | H1: 45717 | I1: 45748 | J1: 45778 | K1: 45809 | L1: 45839 | M1: 45870 | N1: 45901 | O1: 45931 | P1: 45962 | Q1: 45992 | R1: 46023 | S1: 46054 | T1: 46082 | U1: 46113 | V1: Mei-26 | W1: 46199
A2: 1 | B2: Jumlah Pengunjung | E2: Data Total Pengunjung (Per Cabang / Line of Business) | F2: 9708 | G2: 7601 | H2: 1992 | I2: 19117 | J2: 15976 | K2: 14200 | L2: 21097 | M2: 26881 | N2: 12677 | O2: 153276 | P2: 14915 | Q2: 20675 | R2: 14617 | S2: 9645 | T2: 12649 | U2: 15995 | V2: 31574 | W2: 25431
A3: 2 | B3: Total Interaksi | E3: Total Interaksi (Per Cabang / Line of Business) | F3: =SUM(F5:F8) -> 0 | G3: =SUM(G5:G8) -> 0 | H3: =SUM(H5:H8) -> 0 | I3: =SUM(I5:I8) -> 0 | J3: =SUM(J5:J8) -> 0 | K3: =SUM(K5:K8) -> 0 | L3: =SUM(L5:L8) -> 0 | M3: =SUM(M5:M8) -> 0 | ... W3: =SUM(W5:W8) -> 42
A4: 3 | B4: Jumlah interaksi per-kategory | E4: Total interaksi per kategori (kategori disesuaikan dengan yang ada di member)(Per Cabang / Line of Business)
C5: Permintaan Informasi (contoh) | F5: =F10+F14+F18+F22+F26+F30+F34+F38+F42 -> 0 | G5: =G10+G14+G18+G22+G26+G30+G34+G38+G42 -> 0 | H5: =H10+H14+H18+H22+H26+H30+H34+H38+H42 -> 0 | I5: =I10+I14+I18+I22+I26+I30+I34+I38+I42 -> 0 | J5: =J10+J14+J18+J22+J26+J30+J34+J38+J42 -> 0 | K5: =K10+K14+K18+K22+K26+K30+K34+K38+K42 -> 0 | L5: =L10+L14+L18+L22+L26+L30+L34+L38+L42 -> 0 | M5: =M10+M14+M18+M22+M26+M30+M34+M38+M42 -> 0 | ... W5: =W10+W14+W18+W22+W26+W30+W34+W38+W42 -> 14
C6: Request (Contoh) | F6: =F11+F15+F19+F23+F27+F31+F35+F39+F43 -> 0 | G6: =G11+G15+G19+G23+G27+G31+G35+G39+G43 -> 0 | H6: =H11+H15+H19+H23+H27+H31+H35+H39+H43 -> 0 | I6: =I11+I15+I19+I23+I27+I31+I35+I39+I43 -> 0 | J6: =J11+J15+J19+J23+J27+J31+J35+J39+J43 -> 0 | K6: =K11+K15+K19+K23+K27+K31+K35+K39+K43 -> 0 | L6: =L11+L15+L19+L23+L27+L31+L35+L39+L43 -> 0 | M6: =M11+M15+M19+M23+M27+M31+M35+M39+M43 -> 0 | ... W6: =W11+W15+W19+W23+W27+W31+W35+W39+W43 -> 12
C7: Keluhan (Contoh) | F7: =F12+F16+F20+F24+F28+F32+F36+F40+F44 -> 0 | G7: =G12+G16+G20+G24+G28+G32+G36+G40+G44 -> 0 | H7: =H12+H16+H20+H24+H28+H32+H36+H40+H44 -> 0 | I7: =I12+I16+I20+I24+I28+I32+I36+I40+I44 -> 0 | J7: =J12+J16+J20+J24+J28+J32+J36+J40+J44 -> 0 | K7: =K12+K16+K20+K24+K28+K32+K36+K40+K44 -> 0 | L7: =L12+L16+L20+L24+L28+L32+L36+L40+L44 -> 0 | M7: =M12+M16+M20+M24+M28+M32+M36+M40+M44 -> 0 | ... W7: =W12+W16+W20+W24+W28+W32+W36+W40+W44 -> 7
C8: Apresiasi | F8: =F13+F17+F21+F25+F29+F33+F37+F41+F45 -> 0 | G8: =G13+G17+G21+G25+G29+G33+G37+G41+G45 -> 0 | H8: =H13+H17+H21+H25+H29+H33+H37+H41+H45 -> 0 | I8: =I13+I17+I21+I25+I29+I33+I37+I41+I45 -> 0 | J8: =J13+J17+J21+J25+J29+J33+J37+J41+J45 -> 0 | K8: =K13+K17+K21+K25+K29+K33+K37+K41+K45 -> 0 | L8: =L13+L17+L21+L25+L29+L33+L37+L41+L45 -> 0 | M8: =M13+M17+M21+M25+M29+M33+M37+M41+M45 -> 0 | ... W8: =W13+W17+W21+W25+W29+W33+W37+W41+W45 -> 9
A9: 4 | B9: Interaksi per channel
B10: a | C10: Telepon | D10: =C5 -> Permintaan Informasi (contoh) | F10: 0 | G10: 0 | H10: 0 | I10: 0 | J10: 0 | K10: 0 | L10: 0 | M10: 0 | N10: 0 | O10: 0 | P10: 0 | Q10: 0 | R10: 0 | S10: 0 | T10: 0 | U10: 0 | V10: 0 | W10: 0
D11: =C6 -> Request (Contoh) | F11: 0 | G11: 0 | H11: 0 | I11: 0 | J11: 0 | K11: 0 | L11: 0 | M11: 0 | N11: 0 | O11: 0 | P11: 0 | Q11: 0 | R11: 0 | S11: 0 | T11: 0 | U11: 0 | V11: 0 | W11: 0
D12: =C7 -> Keluhan (Contoh) | F12: 0 | G12: 0 | H12: 0 | I12: 0 | J12: 0 | K12: 0 | L12: 0 | M12: 0 | N12: 0 | O12: 0 | P12: 0 | Q12: 0 | R12: 0 | S12: 0 | T12: 0 | U12: 0 | V12: 0 | W12: 0
D13: =C8 -> Apresiasi | F13: 0 | G13: 0 | H13: 0 | I13: 0 | J13: 0 | K13: 0 | L13: 0 | M13: 0 | N13: 0 | O13: 0 | P13: 0 | Q13: 0 | R13: 0 | S13: 0 | T13: 0 | U13: 0 | V13: 0 | W13: 0
B14: b | C14: Customer Sevice/tatap muka | D14: =C5 -> Permintaan Informasi (contoh) | F14: 0 | G14: 0 | H14: 0 | I14: 0 | J14: 0 | K14: 0 | L14: 0 | M14: 0 | N14: 0 | O14: 0 | P14: 0 | Q14: 0 | R14: 0 | S14: 0 | T14: 0 | U14: 0 | V14: 0 | W14: 0
D15: Permintaan/Reservasi/Product Inquiry | F15: 0 | G15: 0 | H15: 0 | I15: 0 | J15: 0 | K15: 0 | L15: 0 | M15: 0 | N15: 0 | O15: 0 | P15: 0 | Q15: 0 | R15: 0 | S15: 0 | T15: 0 | U15: 0 | V15: 0 | W15: 0
D16: =C7 -> Keluhan (Contoh) | F16: 0 | G16: 0 | H16: 0 | I16: 0 | J16: 0 | K16: 0 | L16: 0 | M16: 0 | N16: 0 | O16: 0 | P16: 0 | Q16: 0 | R16: 0 | S16: 0 | T16: 0 | U16: 0 | V16: 0 | W16: 0
D17: =C8 -> Apresiasi | F17: 0 | G17: 0 | H17: 0 | I17: 0 | J17: 0 | K17: 0 | L17: 0 | M17: 0 | N17: 0 | O17: 0 | P17: 0 | Q17: 0 | R17: 0 | S17: 0 | T17: 0 | U17: 0 | V17: 0 | W17: 0
B18: c | C18: Email | D18: =C5 -> Permintaan Informasi (contoh) | F18: 0 | G18: 0 | H18: 0 | I18: 0 | J18: 0 | K18: 0 | L18: 0 | M18: 0 | N18: 0 | O18: 0 | P18: 0 | Q18: 0 | R18: 0 | S18: 0 | T18: 0 | U18: 0 | V18: 0 | W18: 0
D19: =C6 -> Request (Contoh) | F19: 0 | G19: 0 | H19: 0 | I19: 0 | J19: 0 | K19: 0 | L19: 0 | M19: 0 | N19: 0 | O19: 0 | P19: 0 | Q19: 0 | R19: 0 | S19: 0 | T19: 0 | U19: 0 | V19: 0 | W19: 0
D20: =C7 -> Keluhan (Contoh) | F20: 0 | G20: 0 | H20: 0 | I20: 0 | J20: 0 | K20: 0 | L20: 0 | M20: 0 | N20: 0 | O20: 0 | P20: 0 | Q20: 0 | R20: 0 | S20: 0 | T20: 0 | U20: 0 | V20: 0 | W20: 0
D21: =C8 -> Apresiasi | F21: 0 | G21: 0 | H21: 0 | I21: 0 | J21: 0 | K21: 0 | L21: 0 | M21: 0 | N21: 0 | O21: 0 | P21: 0 | Q21: 0 | R21: 0 | S21: 0 | T21: 0 | U21: 0 | V21: 0 | W21: 0
B22: d | C22: Kotak Saran | D22: =D10 -> Permintaan Informasi (contoh) | F22: 0 | G22: 0 | H22: 0 | I22: 0 | J22: 0 | K22: 0 | L22: 0 | M22: 0 | N22: 0 | O22: 0 | P22: 0 | Q22: 0 | R22: 0 | S22: 0 | T22: 0 | U22: 0 | V22: 0 | W22: 0
D23: =D11 -> Request (Contoh) | F23: 0 | G23: 0 | H23: 0 | I23: 0 | J23: 0 | K23: 0 | L23: 0 | M23: 0 | N23: 0 | O23: 0 | P23: 0 | Q23: 0 | R23: 0 | S23: 0 | T23: 0 | U23: 0 | V23: 0 | W23: 0
D24: =D12 -> Keluhan (Contoh) | F24: 0 | G24: 0 | H24: 0 | I24: 0 | J24: 0 | K24: 0 | L24: 0 | M24: 0 | N24: 0 | O24: 0 | P24: 0 | Q24: 0 | R24: 0 | S24: 0 | T24: 0 | U24: 0 | V24: 0 | W24: 0
D25: =D13 -> Apresiasi | F25: 0 | G25: 0 | H25: 0 | I25: 0 | J25: 0 | K25: 0 | L25: 0 | M25: 0 | N25: 0 | O25: 0 | P25: 0 | Q25: 0 | R25: 0 | S25: 0 | T25: 0 | U25: 0 | V25: 0 | W25: 0
B26: e | C26: Live Chat | D26: =D10 -> Permintaan Informasi (contoh) | F26: 0 | G26: 0 | H26: 0 | I26: 0 | J26: 0 | K26: 0 | L26: 0 | M26: 0 | N26: 0 | O26: 0 | P26: 0 | Q26: 0 | R26: 0 | S26: 0 | T26: 0 | U26: 0 | V26: 0 | W26: 0
D27: =D11 -> Request (Contoh) | F27: 0 | G27: 0 | H27: 0 | I27: 0 | J27: 0 | K27: 0 | L27: 0 | M27: 0 | N27: 0 | O27: 0 | P27: 0 | Q27: 0 | R27: 0 | S27: 0 | T27: 0 | U27: 0 | V27: 0 | W27: 0
D28: =D12 -> Keluhan (Contoh) | F28: 0 | G28: 0 | H28: 0 | I28: 0 | J28: 0 | K28: 0 | L28: 0 | M28: 0 | N28: 0 | O28: 0 | P28: 0 | Q28: 0 | R28: 0 | S28: 0 | T28: 0 | U28: 0 | V28: 0 | W28: 0
D29: =D13 -> Apresiasi | F29: 0 | G29: 0 | H29: 0 | I29: 0 | J29: 0 | K29: 0 | L29: 0 | M29: 0 | N29: 0 | O29: 0 | P29: 0 | Q29: 0 | R29: 0 | S29: 0 | T29: 0 | U29: 0 | V29: 0 | W29: 0
B30: f | C30: SP4N Lapor! | D30: =D26 -> Permintaan Informasi (contoh) | F30: 0 | G30: 0 | H30: 0 | I30: 0 | J30: 0 | K30: 0 | L30: 0 | M30: 0 | N30: 0 | O30: 0 | P30: 0 | Q30: 0 | R30: 0 | S30: 0 | T30: 0 | U30: 0 | V30: 0 | W30: 0
D31: =D27 -> Request (Contoh) | F31: 0 | G31: 0 | H31: 0 | I31: 0 | J31: 0 | K31: 0 | L31: 0 | M31: 0 | N31: 0 | O31: 0 | P31: 0 | Q31: 0 | R31: 0 | S31: 0 | T31: 0 | U31: 0 | V31: 0 | W31: 0
D32: =D28 -> Keluhan (Contoh) | F32: 0 | G32: 0 | H32: 0 | I32: 0 | J32: 0 | K32: 0 | L32: 0 | M32: 0 | N32: 0 | O32: 0 | P32: 0 | Q32: 0 | R32: 0 | S32: 0 | T32: 0 | U32: 0 | V32: 0 | W32: 0
D33: Apresiasi | F33: 0 | G33: 0 | H33: 0 | I33: 0 | J33: 0 | K33: 0 | L33: 0 | M33: 0 | N33: 0 | O33: 0 | P33: 0 | Q33: 0 | R33: 0 | S33: 0 | T33: 0 | U33: 0 | V33: 0 | W33: 0
B34: g | C34: Whtasapp | D34: =D30 -> Permintaan Informasi (contoh) | F34: 0 | G34: 0 | H34: 0 | I34: 0 | J34: 0 | K34: 0 | L34: 0 | M34: 0 | N34: 0 | O34: 0 | P34: 0 | Q34: 0 | R34: 7 | S34: 5 | T34: 8 | U34: 6 | V34: 9 | W34: 7
D35: =D31 -> Request (Contoh) | F35: 0 | G35: 0 | H35: 0 | I35: 0 | J35: 0 | K35: 0 | L35: 0 | M35: 0 | N35: 0 | O35: 0 | P35: 0 | Q35: 0 | R35: 2 | S35: 4 | T35: 3 | U35: 5 | V35: 4 | W35: 3
D36: =D32 -> Keluhan (Contoh) | F36: 0 | G36: 0 | H36: 0 | I36: 0 | J36: 0 | K36: 0 | L36: 0 | M36: 0 | N36: 0 | O36: 0 | P36: 0 | Q36: 0 | R36: 3 | S36: 1 | T36: 1 | U36: 2 | V36: 2 | W36: 1
D37: =D33 -> Apresiasi | F37: 0 | G37: 0 | H37: 0 | I37: 0 | J37: 0 | K37: 0 | L37: 0 | M37: 0 | N37: 0 | O37: 0 | P37: 0 | Q37: 0 | R37: 3 | S37: 2 | T37: 3 | U37: 3 | V37: 4 | W37: 3
B38: h | C38: Instagram | D38: =D34 -> Permintaan Informasi (contoh) | E38: Permintaan dari Komentar dan Direct Message | F38: 0 | G38: 0 | H38: 0 | I38: 0 | J38: 0 | K38: 0 | L38: 0 | M38: 0 | N38: 0 | O38: 0 | P38: 0 | Q38: 11 | R38: 9 | S38: 16 | T38: 12 | U38: 25 | V38: 2 | W38: 7
D39: =D35 -> Request (Contoh) | E39: Total dari komentar dan Direct Message | F39: 0 | G39: 0 | H39: 0 | I39: 0 | J39: 0 | K39: 0 | L39: 0 | M39: 0 | N39: 0 | O39: 0 | P39: 0 | Q39: 5 | R39: 3 | S39: 2 | T39: 4 | U39: 2 | V39: 1 | W39: 9
D40: =D36 -> Keluhan (Contoh) | E40: Total dari komentar dan Direct Message | F40: 0 | G40: 0 | H40: 0 | I40: 0 | J40: 0 | K40: 0 | L40: 0 | M40: 0 | N40: 0 | O40: 0 | P40: 0 | Q40: 1 | R40: 2 | S40: 1 | T40: 1 | U40: 4 | V40: 3 | W40: 6
D41: =D37 -> Apresiasi | E41: Total dari komentar dan Direct Message | F41: 0 | G41: 0 | H41: 0 | I41: 0 | J41: 0 | K41: 0 | L41: 0 | M41: 0 | N41: 0 | O41: 0 | P41: 0 | Q41: 4 | R41: 1 | S41: 2 | T41: 4 | U41: 2 | V41: 4 | W41: 6
B42: i | C42: Twitter | D42: =D38 -> Permintaan Informasi (contoh) | F42: 0 | G42: 0 | H42: 0 | I42: 0 | J42: 0 | K42: 0 | L42: 0 | M42: 0 | N42: 0 | O42: 0 | P42: 0 | Q42: 0 | R42: 0 | S42: 0 | T42: 0 | U42: 0 | V42: 0 | W42: 0
D43: =D39 -> Request (Contoh) | F43: 0 | G43: 0 | H43: 0 | I43: 0 | J43: 0 | K43: 0 | L43: 0 | M43: 0 | N43: 0 | O43: 0 | P43: 0 | Q43: 0 | R43: 0 | S43: 0 | T43: 0 | U43: 0 | V43: 0 | W43: 0
D44: =D40 -> Keluhan (Contoh) | F44: 0 | G44: 0 | H44: 0 | I44: 0 | J44: 0 | K44: 0 | L44: 0 | M44: 0 | N44: 0 | O44: 0 | P44: 0 | Q44: 0 | R44: 0 | S44: 0 | T44: 0 | U44: 0 | V44: 0 | W44: 0
D45: Apresiasi | F45: 0 | G45: 0 | H45: 0 | I45: 0 | J45: 0 | K45: 0 | L45: 0 | M45: 0 | N45: 0 | O45: 0 | P45: 0 | Q45: 0 | R45: 0 | S45: 0 | T45: 0 | U45: 0 | V45: 0 | W45: 0
A46: 5 | B46: Jumlah Customer Resolution per Service Level Agreement (SLA) | E46: Kategorisasi SLA disesuaikan dengan SLA yang di terapkan di masing-masing member (Per Cabang / Line of Business)
B47: a | C47: FCR (Frist Contact Resolution) | E47: Jumlah kasus yang selesai pada kontak pertama/Total Kasus yang Diterima x 100%
B48: b | C48: < 1 hari | F48: 0 | G48: 0 | H48: 0 | I48: 0 | J48: 0 | K48: 0 | L48: 0 | M48: 0 | N48: 0 | O48: 0 | P48: 0 | Q48: 0 | R48: 0 | S48: 0 | T48: 0 | U48: 0 | V48: 0 | W48: 0
B49: c | C49: < 7 hari | F49: 0 | G49: 0 | H49: 0 | I49: 0 | J49: 0 | K49: 0 | L49: 0 | M49: 0 | N49: 0 | O49: 0 | P49: 0 | Q49: 0 | R49: 0 | S49: 0 | T49: 0 | U49: 0 | V49: 0 | W49: 0
B50: d | C50: > 30 hari | F50: 0 | G50: 0 | H50: 0 | I50: 0 | J50: 0 | K50: 0 | L50: 0 | M50: 0 | N50: 0 | O50: 0 | P50: 0 | Q50: 0 | R50: 0 | S50: 0 | T50: 0 | U50: 0 | V50: 0 | W50: 0
B51: e | C51: Lainnya (silahkan ditambahkan) | F51: 0 | G51: 0 | H51: 0 | I51: 0 | J51: 0 | K51: 0 | L51: 0 | M51: 0 | N51: 0 | O51: 0 | P51: 0 | Q51: 0 | R51: 0 | S51: 0 | T51: 0 | U51: 0 | V51: 0 | W51: 0
A52: 6 | B52: Average Handling Time (Call/Contact Center) | E52: (Total Talk Time+Total Hold Time+Total ACW)/Jumlah Interaksi yang Ditangani
B53: a | C53: Telepon | E53: Untuk daftar channel dapat di tambahkan sesuai dengan channel yang ada di member (Per Cabang / Line of Business) | F53: N/A | G53: N/A | H53: N/A | I53: N/A | J53: N/A | K53: N/A | L53: N/A | M53: N/A | N53: N/A | O53: N/A | P53: N/A | Q53: N/A | R53: N/A | S53: N/A | T53: N/A | U53: N/A | V53: N/A | W53: N/A
B54: b | C54: Customer Sevice/tatap muka | F54: N/A | G54: N/A | H54: N/A | I54: N/A | J54: N/A | K54: N/A | L54: N/A | M54: N/A | N54: N/A | O54: N/A | P54: N/A | Q54: N/A | R54: N/A | S54: N/A | T54: N/A | U54: N/A | V54: N/A | W54: N/A
B55: c | C55: Email | F55: N/A | G55: N/A | H55: N/A | I55: N/A | J55: N/A | K55: N/A | L55: N/A | M55: N/A | N55: N/A | O55: N/A | P55: N/A | Q55: N/A | R55: N/A | S55: N/A | T55: N/A | U55: N/A | V55: N/A | W55: N/A
B56: d | C56: Kotak Saran | F56: N/A | G56: N/A | H56: N/A | I56: N/A | J56: N/A | K56: N/A | L56: N/A | M56: N/A | N56: N/A | O56: N/A | P56: N/A | Q56: N/A | R56: N/A | S56: N/A | T56: N/A | U56: N/A | V56: N/A | W56: N/A
B57: e | C57: Live Chat | F57: N/A | G57: N/A | H57: N/A | I57: N/A | J57: N/A | K57: N/A | L57: N/A | M57: N/A | N57: N/A | O57: N/A | P57: N/A | Q57: N/A | R57: N/A | S57: N/A | T57: N/A | U57: N/A | V57: N/A | W57: N/A
B58: f | C58: SP4N Lapor! | F58: N/A | G58: N/A | H58: N/A | I58: N/A | J58: N/A | K58: N/A | L58: N/A | M58: N/A | N58: N/A | O58: N/A | P58: N/A | Q58: N/A | R58: N/A | S58: N/A | T58: N/A | U58: N/A | V58: N/A | W58: N/A
B59: g | C59: Whtasapp | F59: N/A | G59: N/A | H59: N/A | I59: N/A | J59: N/A | K59: N/A | L59: N/A | M59: N/A | N59: N/A | O59: N/A | P59: N/A | Q59: N/A | R59: N/A | S59: N/A | T59: N/A | U59: N/A | V59: N/A | W59: N/A
B60: h | C60: Instagram | F60: N/A | G60: N/A | H60: N/A | I60: N/A | J60: N/A | K60: N/A | L60: N/A | M60: N/A | N60: N/A | O60: N/A | P60: N/A | Q60: N/A | R60: N/A | S60: N/A | T60: N/A | U60: N/A | V60: N/A | W60: N/A
B61: i | C61: Twitter | F61: N/A | G61: N/A | H61: N/A | I61: N/A | J61: N/A | K61: N/A | L61: N/A | M61: N/A | N61: N/A | O61: N/A | P61: N/A | Q61: N/A | R61: N/A | S61: N/A | T61: N/A | U61: N/A | V61: N/A | W61: N/A

Sheet Statistik Corcom
A1: No | B1: Item Data | E1: Keterangan Pengisian | F1: 45658 | G1: 45689 | H1: 45717 | I1: 45748 | J1: 45778 | K1: 45809 | L1: 45839 | M1: 45870 | N1: 45901 | O1: 45931 | P1: 45962 | Q1: 45992 | R1: 46023 | S1: 46054 | T1: 46082 | U1: 46113 | V1: Mei-26 | W1: Juni-26
A2: 1 | B2: Jumlah Pengunjung | E2: Data Total Pengunjung (Per Cabang / Line of Business) | F2: N/A | G2: N/A | H2: N/A | I2: N/A | J2: N/A | K2: N/A | L2: N/A | M2: N/A | N2: N/A | O2: N/A | P2: N/A | Q2: N/A | R2: N/A | S2: N/A | T2: N/A | U2: N/A | V2: N/A | W2: N/A
A3: 2 | B3: Total Interaksi | E3: Total Interaksi (Per Cabang / Line of Business) | F3: N/A | G3: N/A | H3: N/A | I3: 33 | J3: 46
A4: 3 | B4: Jumlah interaksi per-kategory | E4: Total interaksi per kategori (kategori disesuaikan dengan yang ada di member)(Per Cabang / Line of Business)
C5: Permintaan Informasi (contoh) | F5: N/A | G5: N/A | H5: N/A | I5: 27 | J5: 40
C6: Request (Contoh) | F6: N/A | G6: N/A | H6: N/A | I6: 1 | J6: 3
C7: Keluhan (Contoh) | F7: N/A | G7: N/A | H7: N/A | I7: 5 | J7: 3
C8: Apresiasi
A9: 4 | B9: Interaksi per channel | E9: Total Interaksi per channel (channel disesuaikan dengan yang ada di member)(Per Cabang / Line of Business)
C10: Email | D10: Informasi
D11: Keluhan
C12: Comment | D12: Informasi | F12: N/A | G12: N/A | H12: N/A | I12: 6 | J12: 4
D13: Keluhan | F13: N/A | G13: N/A | H13: N/A | I13: 4 | J13: 2
C14: Direct Massage | D14: Informasi | F14: N/A | G14: N/A | H14: N/A | I14: 22 | J14: 38
D15: Keluhan | F15: N/A | G15: N/A | H15: N/A | I15: 0 | J15: 1
C16: Lainnya (silahkan ditambahkan)
A17: 5 | B17: Jumlah Customer Resolution per SLA | E17: Kategorisasi SLA disesuaikan dengan SLA yang di terapkan di masing-masing member (Per Cabang / Line of Business)
C18: 1 hari
C19: 2 hari
C20: 3 hari
C21: Lainnya (silahkan ditambahkan)
A22: 6 | B22: Average Handling Time | E22: Durasi rata-rata interaksi pelanggan & untuk daftar channel dapat di tambahkan sesuai dengan channel yang ada di member (Per Cabang / Line of Business)
C23: Email (diisi jika ada)
C24: Comment Chat (diisi jika ada) | F24: 8 jam | G24: 8 jam | H24: 8 jam | I24: 8 jam | J24: 8 jam
C25: Direct Massage (diisi jika ada) | F25: 8 jam | G25: 8 jam | H25: 8 jam | I25: 8 jam | J25: 8 jam
C26: Social Media (diisi jika ada) | F26: 8 jam | G26: 8 jam | H26: 8 jam | I26: 8 jam | J26: 8 jam
C27: Lainnya (silahkan ditambahkan)

Sheet statistik INU
A1: No | B1: Item Data | E1: Keterangan Pengisian | F1: 45658 | G1: 45689 | H1: 45717 | I1: 45748 | J1: 45778 | K1: 45809 | L1: 45839 | M1: 45870 | N1: 45901 | O1: 45931 | P1: 45962 | Q1: 45992 | R1: 46023 | S1: 46054 | T1: 46082 | U1: 46113 | V1: 46143 | W1: 46174 | X1: Keterangan
A2: 1 | B2: Jumlah Pengunjung | E2: Data Total Pengunjung (Per Cabang / Line of Business) | F2: 33 | G2: 33 | H2: 33 | I2: 33 | J2: 33 | K2: 33 | L2: 33 | M2: 33 | N2: 33 | O2: 33 | P2: 33 | Q2: 33 | R2: 34 | S2: 34 | T2: 34 | U2: 34 | V2: 34 | W2: 34 | X2: sesuai dgn jumlah tenant yg dilayani utilitas INU
A3: 2 | B3: Total Interaksi | E3: Total Interaksi (Per Cabang / Line of Business) | F3: =SUM(F5:F8) -> 2 | G3: =SUM(G5:G8) -> 1 | H3: =SUM(H5:H8) -> 0 | I3: =SUM(I5:I8) -> 1 | J3: =SUM(J5:J8) -> 0 | K3: =SUM(K5:K8) -> 0 | L3: =SUM(L5:L8) -> 0 | M3: =SUM(M5:M8) -> 1 | ... W3: =SUM(W5:W8) -> 0 | X3: sesuai dengan kunjungan ke tenant tiap-tiap bulannya
A4: 3 | B4: Jumlah interaksi per-kategory
B5: a | C5: Permintaan Informasi | E5: Bersumber dari Telepon, Customer Service/tatap muka, Email, Kotak Saran, Live Chat, Whatsapp, Instagram dan Twitter | F5: =F10+F14+F18+F22+F26+F30+F34+F38+F42 -> 0 | G5: =G10+G14+G18+G22+G26+G30+G34+G38+G42 -> 0 | H5: =H10+H14+H18+H22+H26+H30+H34+H38+H42 -> 0 | I5: =I10+I14+I18+I22+I26+I30+I34+I38+I42 -> 0 | J5: =J10+J14+J18+J22+J26+J30+J34+J38+J42 -> 0 | K5: =K10+K14+K18+K22+K26+K30+K34+K38+K42 -> 0 | L5: =L10+L14+L18+L22+L26+L30+L34+L38+L42 -> 0 | M5: =M10+M14+M18+M22+M26+M30+M34+M38+M42 -> 0 | ... W5: =W10+W14+W18+W22+W26+W30+W34+W38+W42 -> 0
B6: b | C6: Request | F6: =F11+F15+F19+F23+F27+F31+F35+F39+F43 -> 0 | G6: =G11+G15+G19+G23+G27+G31+G35+G39+G43 -> 0 | H6: =H11+H15+H19+H23+H27+H31+H35+H39+H43 -> 0 | I6: =I11+I15+I19+I23+I27+I31+I35+I39+I43 -> 0 | J6: =J11+J15+J19+J23+J27+J31+J35+J39+J43 -> 0 | K6: =K11+K15+K19+K23+K27+K31+K35+K39+K43 -> 0 | L6: =L11+L15+L19+L23+L27+L31+L35+L39+L43 -> 0 | M6: =M11+M15+M19+M23+M27+M31+M35+M39+M43 -> 0 | ... W6: =W11+W15+W19+W23+W27+W31+W35+W39+W43 -> 0
B7: c | C7: Keluhan | F7: =F12+F16+F20+F24+F28+F32+F36+F40+F44 -> 2 | G7: =G12+G16+G20+G24+G28+G32+G36+G40+G44 -> 1 | H7: =H12+H16+H20+H24+H28+H32+H36+H40+H44 -> 0 | I7: =I12+I16+I20+I24+I28+I32+I36+I40+I44 -> 1 | J7: =J12+J16+J20+J24+J28+J32+J36+J40+J44 -> 0 | K7: =K12+K16+K20+K24+K28+K32+K36+K40+K44 -> 0 | L7: =L12+L16+L20+L24+L28+L32+L36+L40+L44 -> 0 | M7: =M12+M16+M20+M24+M28+M32+M36+M40+M44 -> 1 | ... W7: =W12+W16+W20+W24+W28+W32+W36+W40+W44 -> 0
B8: d | C8: ='statistik The Nusa Dua'!C8 -> Apresiasi | F8: =F13+F17+F21+F25+F29+F33+F37+F41+F45 -> 0 | G8: =G13+G17+G21+G25+G29+G33+G37+G41+G45 -> 0 | H8: =H13+H17+H21+H25+H29+H33+H37+H41+H45 -> 0 | I8: =I13+I17+I21+I25+I29+I33+I37+I41+I45 -> 0 | J8: =J13+J17+J21+J25+J29+J33+J37+J41+J45 -> 0 | K8: =K13+K17+K21+K25+K29+K33+K37+K41+K45 -> 0 | L8: =L13+L17+L21+L25+L29+L33+L37+L41+L45 -> 0 | M8: =M13+M17+M21+M25+M29+M33+M37+M41+M45 -> 0 | ... W8: =W13+W17+W21+W25+W29+W33+W37+W41+W45 -> 0
A9: 4 | B9: Interaksi per channel
B10: a | C10: Telepon | D10: =C5 -> Permintaan Informasi | F10: 0 | G10: 0 | H10: 0 | I10: 0 | J10: 0 | K10: 0 | L10: 0 | M10: 0 | N10: 0 | O10: 0 | P10: 0 | Q10: 0 | R10: 0 | S10: 0 | T10: 0 | U10: 0 | V10: 0 | W10: 0
D11: =C6 -> Request | F11: 0 | G11: 0 | H11: 0 | I11: 0 | J11: 0 | K11: 0 | L11: 0 | M11: 0 | N11: 0 | O11: 0 | P11: 0 | Q11: 0 | R11: 0 | S11: 0 | T11: 0 | U11: 0 | V11: 0 | W11: 0
D12: =C7 -> Keluhan | F12: 0 | G12: 0 | H12: 0 | I12: 0 | J12: 0 | K12: 0 | L12: 0 | M12: 0 | N12: 0 | O12: 0 | P12: 0 | Q12: 0 | R12: 0 | S12: 0 | T12: 0 | U12: 0 | V12: 0 | W12: 0
D13: =C8 -> Apresiasi | F13: 0 | G13: 0 | H13: 0 | I13: 0 | J13: 0 | K13: 0 | L13: 0 | M13: 0 | N13: 0 | O13: 0 | P13: 0 | Q13: 0 | R13: 0 | S13: 0 | T13: 0 | U13: 0 | V13: 0 | W13: 0
B14: b | C14: Customer Sevice/tatap muka | D14: =C5 -> Permintaan Informasi | F14: 0 | G14: 0 | H14: 0 | I14: 0 | J14: 0 | K14: 0 | L14: 0 | M14: 0 | N14: 0 | O14: 0 | P14: 0 | Q14: 0 | R14: 0 | S14: 0 | T14: 0 | U14: 0 | V14: 0 | W14: 0
D15: Permintaan/Reservasi/Product Inquiry | F15: 0 | G15: 0 | H15: 0 | I15: 0 | J15: 0 | K15: 0 | L15: 0 | M15: 0 | N15: 0 | O15: 0 | P15: 0 | Q15: 0 | R15: 0 | S15: 0 | T15: 0 | U15: 0 | V15: 0 | W15: 0
D16: =C7 -> Keluhan | F16: 0 | G16: 0 | H16: 0 | I16: 0 | J16: 0 | K16: 0 | L16: 0 | M16: 0 | N16: 0 | O16: 0 | P16: 0 | Q16: 0 | R16: 0 | S16: 0 | T16: 0 | U16: 0 | V16: 0 | W16: 0
D17: =C8 -> Apresiasi | F17: 0 | G17: 0 | H17: 0 | I17: 0 | J17: 0 | K17: 0 | L17: 0 | M17: 0 | N17: 0 | O17: 0 | P17: 0 | Q17: 0 | R17: 0 | S17: 0 | T17: 0 | U17: 0 | V17: 0 | W17: 0
B18: c | C18: Email | D18: =C5 -> Permintaan Informasi | F18: 0 | G18: 0 | H18: 0 | I18: 0 | J18: 0 | K18: 0 | L18: 0 | M18: 0 | N18: 0 | O18: 0 | P18: 0 | Q18: 0 | R18: 0 | S18: 0 | T18: 0 | U18: 0 | V18: 0 | W18: 0
D19: =C6 -> Request | F19: 0 | G19: 0 | H19: 0 | I19: 0 | J19: 0 | K19: 0 | L19: 0 | M19: 0 | N19: 0 | O19: 0 | P19: 0 | Q19: 0 | R19: 0 | S19: 0 | T19: 0 | U19: 0 | V19: 0 | W19: 0
D20: =C7 -> Keluhan | F20: 0 | G20: 0 | H20: 0 | I20: 0 | J20: 0 | K20: 0 | L20: 0 | M20: 0 | N20: 0 | O20: 0 | P20: 0 | Q20: 0 | R20: 0 | S20: 0 | T20: 0 | U20: 0 | V20: 0 | W20: 0
D21: =C8 -> Apresiasi | F21: 0 | G21: 0 | H21: 0 | I21: 0 | J21: 0 | K21: 0 | L21: 0 | M21: 0 | N21: 0 | O21: 0 | P21: 0 | Q21: 0 | R21: 0 | S21: 0 | T21: 0 | U21: 0 | V21: 0 | W21: 0
B22: d | C22: Kotak Saran | D22: =D10 -> Permintaan Informasi | F22: 0 | G22: 0 | H22: 0 | I22: 0 | J22: 0 | K22: 0 | L22: 0 | M22: 0 | N22: 0 | O22: 0 | P22: 0 | Q22: 0 | R22: 0 | S22: 0 | T22: 0 | U22: 0 | V22: 0 | W22: 0
D23: =D11 -> Request | F23: 0 | G23: 0 | H23: 0 | I23: 0 | J23: 0 | K23: 0 | L23: 0 | M23: 0 | N23: 0 | O23: 0 | P23: 0 | Q23: 0 | R23: 0 | S23: 0 | T23: 0 | U23: 0 | V23: 0 | W23: 0
D24: =D12 -> Keluhan | F24: 0 | G24: 0 | H24: 0 | I24: 0 | J24: 0 | K24: 0 | L24: 0 | M24: 0 | N24: 0 | O24: 0 | P24: 0 | Q24: 0 | R24: 0 | S24: 0 | T24: 0 | U24: 0 | V24: 0 | W24: 0
D25: =D13 -> Apresiasi | F25: 0 | G25: 0 | H25: 0 | I25: 0 | J25: 0 | K25: 0 | L25: 0 | M25: 0 | N25: 0 | O25: 0 | P25: 0 | Q25: 0 | R25: 0 | S25: 0 | T25: 0 | U25: 0 | V25: 0 | W25: 0
B26: e | C26: Live Chat | D26: =D10 -> Permintaan Informasi | F26: 0 | G26: 0 | H26: 0 | I26: 0 | J26: 0 | K26: 0 | L26: 0 | M26: 0 | N26: 0 | O26: 0 | P26: 0 | Q26: 0 | R26: 0 | S26: 0 | T26: 0 | U26: 0 | V26: 0 | W26: 0
D27: =D11 -> Request | F27: 0 | G27: 0 | H27: 0 | I27: 0 | J27: 0 | K27: 0 | L27: 0 | M27: 0 | N27: 0 | O27: 0 | P27: 0 | Q27: 0 | R27: 0 | S27: 0 | T27: 0 | U27: 0 | V27: 0 | W27: 0
D28: =D12 -> Keluhan | F28: 0 | G28: 0 | H28: 0 | I28: 0 | J28: 0 | K28: 0 | L28: 0 | M28: 0 | N28: 0 | O28: 0 | P28: 0 | Q28: 0 | R28: 0 | S28: 0 | T28: 0 | U28: 0 | V28: 0 | W28: 0
D29: =D13 -> Apresiasi | F29: 0 | G29: 0 | H29: 0 | I29: 0 | J29: 0 | K29: 0 | L29: 0 | M29: 0 | N29: 0 | O29: 0 | P29: 0 | Q29: 0 | R29: 0 | S29: 0 | T29: 0 | U29: 0 | V29: 0 | W29: 0
B30: f | C30: SP4N Lapor! | D30: =D26 -> Permintaan Informasi | F30: 0 | G30: 0 | H30: 0 | I30: 0 | J30: 0 | K30: 0 | L30: 0 | M30: 0 | N30: 0 | O30: 0 | P30: 0 | Q30: 0 | R30: 0 | S30: 0 | T30: 0 | U30: 0 | V30: 0 | W30: 0
D31: =D27 -> Request | F31: 0 | G31: 0 | H31: 0 | I31: 0 | J31: 0 | K31: 0 | L31: 0 | M31: 0 | N31: 0 | O31: 0 | P31: 0 | Q31: 0 | R31: 0 | S31: 0 | T31: 0 | U31: 0 | V31: 0 | W31: 0
D32: =D28 -> Keluhan | F32: 0 | G32: 0 | H32: 0 | I32: 0 | J32: 0 | K32: 0 | L32: 0 | M32: 0 | N32: 0 | O32: 0 | P32: 0 | Q32: 0 | R32: 0 | S32: 0 | T32: 0 | U32: 0 | V32: 0 | W32: 0
D33: Apresiasi | F33: 0 | G33: 0 | H33: 0 | I33: 0 | J33: 0 | K33: 0 | L33: 0 | M33: 0 | N33: 0 | O33: 0 | P33: 0 | Q33: 0 | R33: 0 | S33: 0 | T33: 0 | U33: 0 | V33: 0 | W33: 0
B34: g | C34: Whtasapp | D34: =D30 -> Permintaan Informasi | F34: 0 | G34: 0 | H34: 0 | I34: 0 | J34: 0 | K34: 0 | L34: 0 | M34: 0 | N34: 0 | O34: 0 | P34: 0 | Q34: 0 | R34: 0 | S34: 0 | T34: 0 | U34: 0 | V34: 0 | W34: 0
D35: =D31 -> Request | F35: 0 | G35: 0 | H35: 0 | I35: 0 | J35: 0 | K35: 0 | L35: 0 | M35: 0 | N35: 0 | O35: 0 | P35: 0 | Q35: 0 | R35: 0 | S35: 0 | T35: 0 | U35: 0 | V35: 0 | W35: 0
D36: =D32 -> Keluhan | F36: 2 | G36: 1 | H36: 0 | I36: 1 | J36: 0 | K36: 0 | L36: 0 | M36: 1 | N36: 2 | O36: 0 | P36: 3 | Q36: 0 | R36: 0 | S36: 0 | T36: 1 | U36: 1 | V36: 0 | W36: 0 | X36: sesuai dengan jumlah keluhan yang diterima melalui chat oleh tenant
D37: =D33 -> Apresiasi | F37: 0 | G37: 0 | H37: 0 | I37: 0 | J37: 0 | K37: 0 | L37: 0 | M37: 0 | N37: 0 | O37: 0 | P37: 0 | Q37: 0 | R37: 0 | S37: 0 | T37: 0 | U37: 0 | V37: 0 | W37: 0
B38: h | C38: Instagram | D38: =D34 -> Permintaan Informasi | F38: 0 | G38: 0 | H38: 0 | I38: 0 | J38: 0 | K38: 0 | L38: 0 | M38: 0 | N38: 0 | O38: 0 | P38: 0 | Q38: 0 | R38: 0 | S38: 0 | T38: 0 | U38: 0 | V38: 0 | W38: 0
D39: =D35 -> Request | F39: 0 | G39: 0 | H39: 0 | I39: 0 | J39: 0 | K39: 0 | L39: 0 | M39: 0 | N39: 0 | O39: 0 | P39: 0 | Q39: 0 | R39: 0 | S39: 0 | T39: 0 | U39: 0 | V39: 0 | W39: 0
D40: =D36 -> Keluhan | F40: 0 | G40: 0 | H40: 0 | I40: 0 | J40: 0 | K40: 0 | L40: 0 | M40: 0 | N40: 0 | O40: 0 | P40: 0 | Q40: 0 | R40: 0 | S40: 0 | T40: 0 | U40: 0 | V40: 0 | W40: 0
D41: =D37 -> Apresiasi | F41: 0 | G41: 0 | H41: 0 | I41: 0 | J41: 0 | K41: 0 | L41: 0 | M41: 0 | N41: 0 | O41: 0 | P41: 0 | Q41: 0 | R41: 0 | S41: 0 | T41: 0 | U41: 0 | V41: 0 | W41: 0
B42: i | C42: Twitter | D42: =D38 -> Permintaan Informasi | F42: 0 | G42: 0 | H42: 0 | I42: 0 | J42: 0 | K42: 0 | L42: 0 | M42: 0 | N42: 0 | O42: 0 | P42: 0 | Q42: 0 | R42: 0 | S42: 0 | T42: 0 | U42: 0 | V42: 0 | W42: 0
D43: =D39 -> Request | F43: 0 | G43: 0 | H43: 0 | I43: 0 | J43: 0 | K43: 0 | L43: 0 | M43: 0 | N43: 0 | O43: 0 | P43: 0 | Q43: 0 | R43: 0 | S43: 0 | T43: 0 | U43: 0 | V43: 0 | W43: 0
D44: =D40 -> Keluhan | F44: 0 | G44: 0 | H44: 0 | I44: 0 | J44: 0 | K44: 0 | L44: 0 | M44: 0 | N44: 0 | O44: 0 | P44: 0 | Q44: 0 | R44: 0 | S44: 0 | T44: 0 | U44: 0 | V44: 0 | W44: 0
D45: Apresiasi | F45: 0 | G45: 0 | H45: 0 | I45: 0 | J45: 0 | K45: 0 | L45: 0 | M45: 0 | N45: 0 | O45: 0 | P45: 0 | Q45: 0 | R45: 0 | S45: 0 | T45: 0 | U45: 0 | V45: 0 | W45: 0
A46: 5 | B46: Jumlah Customer Resolution per Service Level Agreement (SLA) | E46: Kategorisasi SLA disesuaikan dengan SLA yang di terapkan di masing-masing member (Per Cabang / Line of Business)
B47: a | C47: FCR (Frist Contact Resolution) | E47: Jumlah kasus yang selesai pada kontak pertama/Total Kasus yang Diterima x 100%
B48: b | C48: < 1 hari | F48: 1 | G48: 1 | H48: 1 | I48: 1 | J48: 1 | K48: 1 | L48: 1 | M48: 1 | N48: 1 | O48: 1 | P48: 1 | Q48: 1 | R48: 1 | S48: 1 | T48: 1 | U48: 1 | V48: 1 | W48: 1
B49: c | C49: < 7 hari | F49: 0 | G49: 0 | H49: 0 | I49: 0 | J49: 0 | K49: 0 | L49: 0 | M49: 0 | N49: 0 | O49: 0 | P49: 0 | Q49: 0 | R49: 0 | S49: 0 | T49: 0 | U49: 0 | V49: 0 | W49: 0
B50: d | C50: > 30 hari | F50: 0 | G50: 0 | H50: 0 | I50: 0 | J50: 0 | K50: 0 | L50: 0 | M50: 0 | N50: 0 | O50: 0 | P50: 0 | Q50: 0 | R50: 0 | S50: 0 | T50: 0 | U50: 0 | V50: 0 | W50: 0
B51: e | C51: Lainnya (silahkan ditambahkan) | F51: 0 | G51: 0 | H51: 0 | I51: 0 | J51: 0 | K51: 0 | L51: 0 | M51: 0 | N51: 0 | O51: 0 | P51: 0 | Q51: 0 | R51: 0 | S51: 0 | T51: 0 | U51: 0 | V51: 0 | W51: 0
A52: 6 | B52: Average Handling Time (Call/Contact Center) | E52: (Total Talk Time+Total Hold Time+Total ACW)/Jumlah Interaksi yang Ditangani
B53: a | C53: Telepon | E53: Untuk daftar channel dapat di tambahkan sesuai dengan channel yang ada di member (Per Cabang / Line of Business) | F53: N/A | G53: N/A | H53: N/A | I53: N/A | J53: N/A | K53: N/A | L53: N/A | M53: N/A | N53: N/A | O53: N/A | P53: N/A | Q53: N/A | R53: N/A | S53: N/A | T53: N/A | U53: N/A | V53: N/A | W53: N/A
B54: b | C54: Customer Sevice/tatap muka | F54: N/A | G54: N/A | H54: N/A | I54: N/A | J54: N/A | K54: N/A | L54: N/A | M54: N/A | N54: N/A | O54: N/A | P54: N/A | Q54: N/A | R54: N/A | S54: N/A | T54: N/A | U54: N/A | V54: N/A | W54: N/A
B55: c | C55: Email | F55: N/A | G55: N/A | H55: N/A | I55: N/A | J55: N/A | K55: N/A | L55: N/A | M55: N/A | N55: N/A | O55: N/A | P55: N/A | Q55: N/A | R55: N/A | S55: N/A | T55: N/A | U55: N/A | V55: N/A | W55: N/A
B56: d | C56: Kotak Saran | F56: N/A | G56: N/A | H56: N/A | I56: N/A | J56: N/A | K56: N/A | L56: N/A | M56: N/A | N56: N/A | O56: N/A | P56: N/A | Q56: N/A | R56: N/A | S56: N/A | T56: N/A | U56: N/A | V56: N/A | W56: N/A
B57: e | C57: Live Chat | F57: N/A | G57: N/A | H57: N/A | I57: N/A | J57: N/A | K57: N/A | L57: N/A | M57: N/A | N57: N/A | O57: N/A | P57: N/A | Q57: N/A | R57: N/A | S57: N/A | T57: N/A | U57: N/A | V57: N/A | W57: N/A
B58: f | C58: SP4N Lapor! | F58: N/A | G58: N/A | H58: N/A | I58: N/A | J58: N/A | K58: N/A | L58: N/A | M58: N/A | N58: N/A | O58: N/A | P58: N/A | Q58: N/A | R58: N/A | S58: N/A | T58: N/A | U58: N/A | V58: N/A | W58: N/A
B59: g | C59: Whtasapp | F59: N/A | G59: N/A | H59: N/A | I59: N/A | J59: N/A | K59: N/A | L59: N/A | M59: N/A | N59: N/A | O59: N/A | P59: N/A | Q59: N/A | R59: N/A | S59: N/A | T59: N/A | U59: N/A | V59: N/A | W59: N/A
B60: h | C60: Instagram | F60: N/A | G60: N/A | H60: N/A | I60: N/A | J60: N/A | K60: N/A | L60: N/A | M60: N/A | N60: N/A | O60: N/A | P60: N/A | Q60: N/A | R60: N/A | S60: N/A | T60: N/A | U60: N/A | V60: N/A | W60: N/A
B61: i | C61: Twitter | F61: N/A | G61: N/A | H61: N/A | I61: N/A | J61: N/A | K61: N/A | L61: N/A | M61: N/A | N61: N/A | O61: N/A | P61: N/A | Q61: N/A | R61: N/A | S61: N/A | T61: N/A | U61: N/A | V61: N/A | W61: N/A
A63: 3 | B63: Jumlah interaksi per-kategory | E63: Total interaksi per kategori (kategori disesuaikan dengan yang ada di member)(Per Cabang / Line of Business)
C64: Permintaan Informasi (contoh)
C65: Request (Contoh)
C66: Keluhan (Contoh) | G66: 1 | I66: 1 | M66: 1 | N66: 2 | P66: 3 | T66: 1 | U66: 1 | X66: sesuai dengan jumlah keluhan yang diterima melalui chat oleh tenant
C67: Apresiasi
A68: 4 | B68: Interaksi per channel | E68: Total Interaksi per channel (channel disesuaikan dengan yang ada di member)(Per Cabang / Line of Business)
C69: Email | D69: Informasi
D70: Keluhan
C71: Comment | D71: Informasi
D72: Keluhan
C73: Direct Massage | D73: Informasi
D74: Keluhan | G74: 1 | I74: 1 | M74: 1 | N74: 2 | P74: 3 | T74: 1 | U74: 1 | X74: sesuai dengan jumlah keluhan yang diterima melalui chat oleh tenant
C75: Lainnya (silahkan ditambahkan)
A76: 5 | B76: Jumlah Customer Resolution per SLA | E76: Kategorisasi SLA disesuaikan dengan SLA yang di terapkan di masing-masing member (Per Cabang / Line of Business)
C77: 1 hari | G77: 1 hari | I77: 1 hari | M77: 1 hari | N77: 1 hari | P77: 1 hari | T77: 1 hari | U77: 1 hari | X77: SLA penanganan keluhan INU
C78: 2 hari
C79: 3 hari
C80: Lainnya (silahkan ditambahkan)
A81: 6 | B81: Average Handling Time | E81: Durasi rata-rata interaksi pelanggan & untuk daftar channel dapat di tambahkan sesuai dengan channel yang ada di member (Per Cabang / Line of Business)
C82: Email (diisi jika ada)
C83: Comment Chat (diisi jika ada)
C84: Direct Massage (diisi jika ada) | G84: 1 | I84: 1 | M84: 1 | N84: 2 | P84: 3 | T84: 1 | U84: 1 | X84: sesuai dengan jumlah keluhan yang diterima melalui chat oleh tenant
C85: Social Media (diisi jika ada)
C86: Lainnya (silahkan ditambahkan)(Nb : survey kepuasan pelanggan ke tenant ) | F86: 3 | G86: 4 | H86: 2 | I86: 2 | J86: 2 | K86: 1 | L86: 5 | M86: 1 | N86: 4 | O86: 4 | R86: 7 | T86: 8 | V86: 3 | W86: 2 | X86: sesuai dengan kunjungan ke tenant tiap-tiap bulannya
